,player_display_name,position,team,gp,ppr,xfp,tgt,car,tshare,snap,gp25,ppg25,k,expert,prior,proj,miss,proj_ros,vor,delta,pos_rank
1,Jahmyr Gibbs,RB,DET,2,28.450000000000003,25.233359307472433,6.5,22.5,0.169365721997301,0.7849999999999999,17.0,21.58235294117647,jahmyr gibbs,19.6,19.6,22.23934060609228,0.0,22.23934060609228,11.20888217152668,2.6393406060922793,1
2,Kenneth Walker III,RB,KC,2,28.950000000000003,27.50426875295434,8.0,23.5,0.236279069767442,0.75,17.0,11.288235294117648,kenneth walker,15.4,15.4,20.415195250827217,0.0,20.415195250827217,9.384736816261617,5.015195250827217,2
3,Amon-Ra St. Brown,WR,DET,2,31.950000000000003,22.48811340888131,13.5,0.0,0.35053981106612697,0.925,17.0,19.058823529411764,amon ra st brown,17.5,17.5,20.63067175448677,0.0,20.630671754486766,9.034101272080028,3.1306717544867695,1
4,Bijan Robinson,RB,ATL,2,21.2,21.913412891120366,7.0,18.5,0.3276740237691,0.64,17.0,21.811764705882354,bijan robinson,18.4,18.4,19.719755609513705,0.0,19.719755609513705,8.689297174948104,1.319755609513706,3
5,Jaxon Smith-Njigba,WR,SEA,2,34.35,18.465559629237433,11.0,0.0,0.44070512820512797,0.785,17.0,21.170588235294115,jaxon smith njigba,18.0,18.0,20.09235669618648,0.0,20.09235669618648,8.495786213779743,2.0923566961864815,2
6,Jonathan Taylor,RB,IND,2,27.15,20.510133100984113,4.0,21.5,0.135632183908046,0.915,17.0,21.311764705882354,jonathan taylor,16.6,16.6,18.960837268275554,0.0,18.960837268275554,7.930378833709954,2.360837268275553,4
7,Josh Allen,QB,BUF,2,38.239999999999995,23.039447399400864,0.0,10.0,0.0,1.0,16.0,22.78875,josh allen,22.3,22.3,24.41984527183224,0.0,24.41984527183224,7.7654778184853726,2.11984527183224,1
8,Ashton Jeanty,RB,LV,2,21.5,24.645264756566313,6.5,22.0,0.224137931034483,0.775,17.0,14.41764705882353,ashton jeanty,15.0,15.0,18.480674131838565,0.0,18.480674131838565,7.450215697272965,3.4806741318385654,5
9,Trey McBride,TE,ARI,2,21.3,20.88838045118885,11.5,0.0,0.367983367983368,0.8400000000000001,17.0,18.58235294117647,trey mcbride,14.0,14.0,16.804746526332877,0.0,16.804746526332877,6.6757642307685,2.8047465263328775,1
10,Derrick Henry,RB,BAL,2,26.5,16.49296427140446,2.0,20.0,0.07255747126436785,0.535,17.0,16.441176470588236,derrick henry,15.3,15.3,16.97802999599325,0.0,16.97802999599325,5.947571561427649,1.6780299959932492,6
11,Chris Olave,WR,NO,2,25.4,20.292001269762906,11.5,0.0,0.28125,0.85,16.0,16.75,chris olave,14.6,14.6,17.489760355533612,0.0,17.489760355533612,5.8931898731268735,2.889760355533612,3
12,CeeDee Lamb,WR,DAL,2,25.349999999999998,15.303601347110417,8.5,0.5,0.278494623655914,0.78,13.0,15.453846153846154,ceedee lamb,16.3,16.3,17.10700837719092,0.0,17.10700837719092,5.510437894784181,0.8070083771909182,4
13,Christian McCaffrey,RB,SF,2,18.200000000000003,15.038959644259293,6.0,10.0,0.2128851540616245,0.535,17.0,24.50588235294118,christian mccaffrey,16.4,16.4,16.2349087003926,0.0,16.2349087003926,5.204450265827001,-0.165091299607397,7
14,Chase Brown,RB,CIN,2,15.0,19.369346397264593,5.5,18.0,0.16888045540796948,0.71,17.0,16.623529411764707,chase brown,14.3,14.3,15.803416991234087,0.0,15.803416991234087,4.7729585566684865,1.5034169912340865,8
15,James Cook,RB,BUF,2,15.399999999999999,16.552214044395257,3.5,17.0,0.125,0.73,17.0,17.776470588235295,james cook,14.6,14.6,15.24261993243067,0.0,15.24261993243067,4.21216149786507,0.6426199324306712,9
16,De'Von Achane,RB,MIA,2,11.45,18.808647798639214,5.5,15.5,0.22302737520128801,0.81,16.0,20.175,devon achane,14.0,14.0,15.04042138361898,0.0,15.04042138361898,4.00996294905338,1.0404213836189804,10
17,D'Andre Swift,RB,CHI,2,22.65,15.711352431990992,3.0,17.0,0.10256410256410274,0.625,16.0,14.2875,dandre swift,12.9,12.9,14.85717868095748,0.0,14.85717868095748,3.8267202463918792,1.9571786809574796,11
18,Puka Nacua,WR,LA,1,12.4,15.619535304739546,9.0,0.0,0.333333333333333,0.7,16.0,23.4375,puka nacua,17.1,17.1,16.48841867832942,1.0,15.389190766440793,3.7926202840340544,-0.611581321670581,5
19,Christian Watson,WR,GB,2,23.400000000000002,16.265676654575852,9.5,0.0,0.289655172413793,0.8300000000000001,10.0,13.24,christian watson,13.0,13.0,15.162389463281238,0.0,15.162389463281238,3.5658189808745,2.1623894632812384,6
20,Breece Hall,RB,NYJ,2,17.0,18.11133419605133,3.5,19.0,0.1129227053140097,0.615,16.0,12.97875,breece hall,12.4,12.4,14.551173574894374,0.0,14.551173574894374,3.5207151403287735,2.151173574894374,12
21,Ja'Marr Chase,WR,CIN,2,14.85,10.894777554685653,6.5,0.0,0.20398481973434499,0.9099999999999999,16.0,19.6,jamarr chase,17.0,17.0,15.032537715311983,0.0,15.032537715311983,3.435967232905245,-1.9674622846880165,7
22,Nico Collins,WR,HOU,1,21.2,18.214674719201625,10.0,1.0,0.27027027027027,0.72,15.0,15.08,nico collins,15.0,15.0,16.027568075860284,1.0,14.959063537469598,3.36249305506286,1.0275680758602839,8
23,DeVonta Smith,WR,PHI,2,18.0,16.66907042481139,9.5,0.0,0.32754010695187197,0.915,17.0,11.870588235294116,devonta smith,13.4,13.4,14.86733971894719,0.0,14.86733971894719,3.270769236540451,1.4673397189471888,9
24,Justin Jefferson,WR,MIN,2,19.85,12.859383204750829,7.5,0.0,0.353546910755149,0.96,17.0,11.852941176470589,justin jefferson,14.6,14.6,14.742627297330234,0.0,14.742627297330234,3.1460568149234955,0.14262729733023427,10
25,Dalton Schultz,TE,HOU,2,16.75,20.08809965246838,11.0,0.0,0.24810810810810802,0.67,17.0,10.452941176470588,dalton schultz,9.4,9.4,13.274667902691146,0.0,13.274667902691146,3.1456856071267687,3.8746679026911455,2
26,Parker Washington,WR,JAX,2,18.05,15.985577799953276,9.0,0.0,0.3571428571428575,0.71,16.0,11.54375,parker washington,12.6,12.6,14.201961783986917,0.0,14.201961783986917,2.6053913015801786,1.6019617839869174,11
27,Isaiah Likely,TE,NYG,2,18.05,16.484281745194256,9.0,0.0,0.2941810344827585,0.59,12.0,5.141666666666667,isaiah likely,9.9,9.9,12.721598888654393,0.0,12.721598888654393,2.592616593090016,2.8215988886543926,3
28,Tyler Shough,QB,NO,2,22.79,24.19340272375153,0.0,6.5,0.0,1.0,11.0,14.360000000000001,tyler shough,16.1,16.1,19.168952762650427,0.0,19.168952762650427,2.514585309303559,3.068952762650426,2
29,Dalton Kincaid,TE,BUF,2,20.25,13.813020013986328,7.0,0.0,0.25,0.69,12.0,10.508333333333335,dalton kincaid,10.4,10.4,12.537645603916172,0.0,12.537645603916172,2.4086633083517945,2.1376456039161713,4
30,Davante Adams,WR,LA,2,22.55,14.379544390097468,8.0,0.0,0.27777777777777746,0.595,14.0,15.921428571428573,davante adams,12.1,12.1,13.99227242922729,0.0,13.99227242922729,2.3957019468205516,1.8922724292272903,12
31,Travis Kelce,TE,KC,2,17.6,14.491622664634562,8.0,0.0,0.227906976744186,0.78,17.0,11.36470588235294,travis kelce,10.5,10.5,12.469654346097679,0.0,12.469654346097679,2.3406720505333016,1.9696543460976788,5
32,Omarion Hampton,RB,LAC,2,12.9,13.502613427543192,1.0,17.5,0.03846153846153845,0.605,9.0,15.077777777777776,omarion hampton,13.4,13.4,13.368731759712094,0.0,13.368731759712094,2.3382733251464938,-0.03126824028790587,13
33,Jalen Coker,WR,CAR,2,24.2,15.18626051448656,9.0,0.0,0.2729779411764705,0.8,11.0,8.218181818181819,jalen coker,11.0,11.0,13.756152944056236,0.0,13.756152944056236,2.1595824616494976,2.756152944056236,13
34,Javonte Williams,RB,DAL,2,16.1,13.803520769456254,4.5,12.0,0.1478494623655915,0.755,16.0,15.175,javonte williams,12.3,12.3,13.17698581544775,0.0,13.17698581544775,2.1465273808821497,0.8769858154477497,14
35,Bucky Irving,RB,TB,2,16.65,14.940112756644613,5.5,12.5,0.19023569023569,0.6950000000000001,10.0,13.85,bucky irving,11.6,11.6,13.14123157186049,0.0,13.14123157186049,2.11077313729489,1.5412315718604912,15
36,Sam LaPorta,TE,DET,2,13.5,13.055508109505316,7.5,0.0,0.194669365721997,0.895,9.0,11.877777777777778,sam laporta,11.2,11.2,11.995542270661488,0.0,11.99554227066149,1.866559975097113,0.795542270661489,6
37,Tetairoa McMillan,WR,CAR,2,12.8,15.776410659831143,9.0,0.0,0.2738970588235295,0.81,17.0,12.552941176470588,tetairoa mcmillan,12.4,12.4,13.393394984752721,0.0,13.393394984752721,1.7968245023459826,0.9933949847527206,14
38,David Montgomery,RB,HOU,2,16.65,12.726824694407195,2.5,13.0,0.06054054054054055,0.505,17.0,9.818823529411764,david montgomery,12.1,12.1,12.821510914434015,0.0,12.821510914434015,1.791052479868414,0.721510914434015,16
39,Lamar Jackson,QB,BAL,2,19.880000000000003,17.61223121682717,0.0,5.5,0.0,1.0,13.0,16.52769230769231,lamar jackson,18.4,18.4,18.35702474071161,0.0,18.35702474071161,1.7026572873647403,-0.04297525928839008,3
40,Brock Bowers,TE,,0,,,,,,,,,brock bowers,12.6,12.6,12.6,1.0,11.76,1.6310177044356227,0.0,7
41,Jalen Hurts,QB,PHI,2,20.439999999999998,18.344129905274993,0.0,6.0,0.0,1.0,16.0,18.81625,jalen hurts,17.8,17.8,18.269156373477,0.0,18.269156373477,1.614788920130131,0.46915637347699857,4
42,Patrick Mahomes,QB,KC,2,25.32,17.427103941911486,0.0,4.5,0.0,1.0,14.0,20.405714285714286,patrick mahomes,17.1,17.1,18.177989103735218,0.0,18.177989103735218,1.5236216503883497,1.0779891037352165,5
43,Zay Flowers,WR,BAL,1,26.0,10.62214895506744,6.0,0.0,0.25,0.29,17.0,14.311764705882354,zay flowers,13.5,13.5,13.933876067136802,1.0,13.004950995994347,1.408380513587609,0.4338760671368025,15
44,Kyren Williams,RB,LA,2,15.6,11.597147483263562,2.5,11.5,0.08888888888888885,0.595,17.0,15.488235294117647,kyren williams,12.0,12.0,12.319201295313798,0.0,12.319201295313798,1.2887428607481972,0.31920129531379793,17
45,Garrett Wilson,WR,NYJ,2,15.3,11.944312674757498,7.0,0.0,0.24939613526570048,0.815,7.0,14.214285714285714,garrett wilson,12.8,12.8,12.860407548932102,0.0,12.860407548932102,1.2638370665253635,0.06040754893210121,16
46,Tee Higgins,WR,CIN,2,11.7,13.923858834831396,8.0,0.0,0.24952561669829199,0.72,15.0,14.106666666666666,tee higgins,12.4,12.4,12.74268047375279,0.0,12.74268047375279,1.1461099913460515,0.34268047375278954,17
47,Dak Prescott,QB,DAL,2,22.080000000000002,15.958829574566504,0.0,3.0,0.0,1.0,17.0,18.457647058823532,dak prescott,17.6,17.6,17.67807228087862,0.0,17.67807228087862,1.023704827531752,0.07807228087861873,6
48,Tyler Warren,TE,IND,2,12.350000000000001,10.283762688772107,6.0,0.5,0.2028735632183905,0.91,17.0,11.088235294117647,tyler warren,11.3,11.3,11.141453552856191,0.0,11.14145355285619,1.0124712572918124,-0.1585464471438094,8
49,Brock Purdy,QB,SF,2,24.79,13.891044432933196,0.0,4.0,0.0,0.925,9.0,19.70888888888889,brock purdy,17.9,17.9,17.604292441221293,0.0,17.604292441221293,0.9499249878744251,-0.29570755877870525,7
50,Jared Goff,QB,DET,2,23.11,17.014772507204764,0.0,2.5,0.0,1.0,17.0,17.474117647058822,jared goff,16.6,16.6,17.497336302017334,0.0,17.497336302017334,0.8429688486704663,0.897336302017333,8
51,Cam Skattebo,RB,NYG,2,11.8,13.105115497101114,2.0,15.0,0.0625,0.6,8.0,15.9625,cam skattebo,11.3,11.3,11.865432339188313,0.0,11.865432339188313,0.8349739046227125,0.5654323391883125,18
52,Travis Etienne,RB,NO,2,10.95,12.909769210317712,5.5,8.5,0.1177884615384615,0.565,17.0,14.935294117647059,travis etienne,11.5,11.5,11.82873537888896,0.0,11.82873537888896,0.7982769443233586,0.3287353788889593,19
53,George Pickens,WR,DAL,2,7.9,12.205771599910161,7.0,0.0,0.229032258064516,0.8,17.0,17.170588235294115,george pickens,13.0,13.0,12.165616047974845,0.0,12.165616047974845,0.569045565568107,-0.8343839520251546,18
54,Jeremiyah Love,RB,ARI,2,10.25,11.67323866574742,3.5,10.0,0.1117463617463615,0.41500000000000004,,,jeremiyah love,11.6,11.6,11.458506826409277,0.0,11.458506826409275,0.4280483918436744,-0.14149317359072278,20
55,Jaylen Waddle,WR,DEN,2,11.5,11.275760559908106,6.5,0.0,0.227969348659004,0.6799999999999999,16.0,12.1325,jaylen waddle,12.2,12.2,11.857212956774267,0.0,11.857212956774267,0.2606424743675291,-0.34278704322573184,19
56,Matthew Golden,WR,GB,2,12.65,15.52242198968284,9.0,0.0,0.253448275862069,0.84,14.0,5.0,matthew golden,9.8,9.8,11.744278157111196,0.0,11.744278157111198,0.1477076747044599,1.9442781571111958,20
57,Stefon Diggs,WR,WAS,2,18.6,12.73985912468104,7.5,0.0,0.2434077079107505,0.5700000000000001,17.0,12.370588235294118,stefon diggs,9.9,9.9,11.739160554910692,0.0,11.739160554910692,0.14259007250395328,1.8391605549106913,21
58,Juwan Johnson,TE,NO,2,12.5,10.257079627015635,5.5,0.0,0.1298076923076925,0.685,17.0,10.58235294117647,juwan johnson,,9.594999999999999,10.128982295564377,0.0,10.128982295564377,0.0,0.5339822955643783,9
59,Ladd McConkey,WR,LAC,2,12.85,8.694894580024073,5.0,0.0,0.18732193732193703,0.475,16.0,11.30625,ladd mcconkey,12.7,12.7,11.596570482406738,0.0,11.596570482406738,0.0,-1.103429517593261,22
60,C.J. Stroud,QB,HOU,2,16.740000000000002,21.316975598687783,0.0,2.5,0.0,1.0,14.0,14.895714285714286,cj stroud,,14.461357142857143,16.654367453346868,0.0,16.654367453346868,0.0,2.1930103104897256,9
61,Chuba Hubbard,RB,CAR,2,19.05,10.873065837734288,2.5,11.0,0.07536764705882355,0.6799999999999999,15.0,8.36,chuba hubbard,9.5,9.5,11.0304584345656,0.0,11.0304584345656,0.0,1.5304584345656007,21
62,Quinshon Judkins,RB,CLE,2,8.4,12.84706204930455,3.5,12.0,0.12878787878787895,0.66,14.0,12.12857142857143,quinshon judkins,10.6,10.6,10.965177373805274,0.0,10.965177373805274,-0.06528106076032714,0.36517737380527393,22
63,Mark Andrews,TE,BAL,2,9.9,11.99540520501182,6.5,0.0,0.245689655172414,0.715,17.0,7.705882352941177,mark andrews,9.1,9.1,10.00671345740331,0.0,10.00671345740331,-0.1222688381610677,0.9067134574033098,10
64,Emeka Egbuka,WR,TB,2,10.8,10.164280152355435,5.5,0.5,0.186868686868687,0.86,17.0,11.511764705882353,emeka egbuka,12.2,12.2,11.461998442659521,0.0,11.46199844265952,-0.1345720397472192,-0.7380015573404783,23
65,DK Metcalf,WR,PIT,2,7.35,16.66160016980703,9.5,0.0,0.2567567567567565,0.965,15.0,12.479999999999999,dk metcalf,9.8,9.8,11.42724804754597,0.0,11.42724804754597,-0.16932243486076892,1.6272480475459687,24
66,Jaylen Warren,RB,PIT,2,10.0,13.514705170716887,5.0,10.5,0.135135135135135,0.54,16.0,13.56875,jaylen warren,9.5,9.5,10.684117447800727,0.0,10.684117447800727,-0.3463409867648739,1.1841174478007268,23
67,Bhayshul Tuten,RB,JAX,2,12.0,11.518690582524599,1.5,14.0,0.0595238095238095,0.5,15.0,5.906666666666666,bhayshul tuten,10.0,10.0,10.665233363106887,0.0,10.665233363106887,-0.3652250714587133,0.6652333631068874,24
68,Joe Burrow,QB,CIN,2,15.17,14.814035740335607,0.0,3.0,0.0,1.0,8.0,16.8075,joe burrow,16.9,16.9,16.10833000729397,0.0,16.10833000729397,-0.5460374460528996,-0.79166999270603,10
69,Rhamondre Stevenson,RB,NE,2,9.05,13.597265598626713,4.0,12.0,0.1443932411674346,0.605,14.0,12.771428571428572,rhamondre stevenson,9.3,9.3,10.47323436761548,0.0,10.47323436761548,-0.5572240669501198,1.1732343676154802,25
70,Drake London,WR,ATL,2,7.2,8.25348245933605,4.5,1.0,0.1859083191850595,0.8,12.0,16.825,drake london,13.1,13.1,11.034975088614093,0.0,11.034975088614093,-0.5615953937926452,-2.0650249113859065,25
71,Bryce Young,QB,CAR,2,27.759999999999998,16.515770499170692,0.0,1.5,0.0,0.9199999999999999,16.0,13.6275,bryce young,,13.383374999999997,15.985640739767792,0.0,15.985640739767792,-0.6687267135790762,2.6022657397677946,11
72,George Kittle,TE,SF,2,10.6,8.55054573683989,4.5,0.0,0.168767507002801,0.47,11.0,14.681818181818182,george kittle,9.6,9.6,9.42615280631517,0.0,9.42615280631517,-0.7028294892492077,-0.17384719368483026,11
73,TreVeyon Henderson,RB,NE,1,13.6,11.2804904016247,0.0,16.0,0.0,0.6,17.0,12.129411764705882,treveyon henderson,9.7,9.7,10.269085820284321,0.0,10.269085820284321,-0.7613726142812798,0.5690858202843216,26
74,Saquon Barkley,RB,PHI,2,6.0,9.28782378228533,2.0,9.5,0.0748663101604278,0.435,16.0,14.518749999999999,saquon barkley,12.8,12.8,11.000590659039894,1.0,10.267217948437235,-0.7632404861283657,-1.799409340960107,27
75,Caleb Williams,QB,CHI,2,22.49,18.265761493749288,0.0,7.5,0.0,0.9299999999999999,17.0,18.745882352941177,caleb williams,17.4,17.4,18.2532132182498,2.0,15.819451455816495,-0.8349159975303735,0.8532132182498025,12
76,Drake Maye,QB,NE,2,8.92,16.034764560954642,0.0,5.5,0.0,1.0,17.0,20.703529411764706,drake maye,17.0,17.0,15.7601340770673,0.0,15.7601340770673,-0.8942333762795673,-1.2398659229326991,13
77,Malik Nabers,WR,NYG,2,7.0,11.380344129969172,6.5,0.0,0.2176724137931035,0.63,4.0,14.275,malik nabers,12.4,12.4,11.466496356391369,1.0,10.702063265965277,-0.8945072164414611,-0.9335036436086313,26
78,Rashee Rice,WR,KC,2,11.100000000000001,6.5510028098542135,4.0,0.0,0.109767441860465,0.81,8.0,18.7625,rashee rice,12.5,12.5,10.66628078675918,0.0,10.66628078675918,-0.9302896956475593,-1.8337192132408209,27
79,Luther Burden III,WR,CHI,2,7.85,10.668486657108868,6.0,0.5,0.2128205128205125,0.6499999999999999,15.0,8.526666666666667,luther burden,11.2,11.2,10.649176263990482,0.0,10.649176263990482,-0.9473942184162567,-0.5508237360095176,28
80,Jordan Love,QB,GB,2,16.64,15.300597436220844,0.0,0.5,0.0,1.0,15.0,15.676,jordan love,15.7,15.7,15.700967282141836,0.0,15.700967282141836,-0.9534001712050326,0.0009672821418362787,14
81,Trevor Lawrence,QB,JAX,2,16.130000000000003,13.067414743088424,0.0,2.0,0.0,0.94,17.0,19.89294117647059,trevor lawrence,16.8,16.8,15.674476128064759,0.0,15.674476128064759,-0.9798913252821091,-1.1255238719352416,15
82,Kyle Monangai,RB,CHI,2,14.1,9.80792478587987,2.0,10.0,0.07179487179487179,0.385,17.0,8.629411764705882,kyle monangai,9.3,9.3,10.018218940046363,0.0,10.018218940046363,-1.0122394945192372,0.7182189400463628,28
83,Mike Evans,WR,SF,2,12.649999999999999,8.425965399867048,5.0,0.0,0.1743697478991595,0.645,8.0,10.6,mike evans,12.4,12.4,11.317270311962774,1.0,10.56278562449859,-1.0337848579081488,-1.082729688037226,29
84,Jameson Williams,WR,DET,2,6.9,11.357933364956086,6.5,0.0,0.168016194331984,0.905,17.0,12.935294117647059,jameson williams,10.9,10.9,10.548221342187706,0.0,10.548221342187706,-1.0483491402190328,-0.3517786578122948,30
85,Terry McLaurin,WR,WAS,2,5.2,11.350463109951724,6.5,0.0,0.20131845841785,0.7849999999999999,10.0,11.42,terry mclaurin,11.1,11.1,10.462129670786481,0.0,10.462129670786481,-1.134440811620257,-0.6378703292135182,31
86,Harold Fannin Jr.,TE,CLE,2,7.25,7.978295356071996,4.5,0.0,0.168181818181818,0.84,16.0,11.65,harold fannin,9.7,9.7,8.92392269970016,0.0,8.92392269970016,-1.205059595864217,-0.7760773002998391,12
87,Matthew Stafford,QB,LA,2,15.54,14.806835139579405,0.0,3.0,0.0,0.9199999999999999,17.0,20.610588235294117,matthew stafford,15.7,15.7,15.430713839082234,0.0,15.430713839082234,-1.2236536142646344,-0.26928616091776547,16
88,Tucker Kraft,TE,GB,2,6.5,8.592934653933808,4.5,0.0,0.1267241379310345,0.8200000000000001,8.0,14.649999999999999,tucker kraft,9.3,9.3,8.766021703101467,0.0,8.766021703101467,-1.36296059246291,-0.5339782968985336,13
89,Aaron Jones,RB,MIN,2,10.25,13.115042130549444,0.5,17.5,0.0217391304347826,0.635,12.0,9.891666666666667,aaron jones,7.9,7.9,9.642211796553845,0.0,9.642211796553845,-1.388246638011756,1.7422117965538444,29
90,T.J. Hockenson,TE,MIN,2,9.75,8.137253795174189,4.5,0.0,0.21395881006865,0.675,15.0,7.52,tj hockenson,8.7,8.7,8.668431062648773,0.0,8.668431062648773,-1.4605512329156038,-0.03156893735122601,14
91,Baker Mayfield,QB,TB,2,11.91,17.187029454567117,0.0,4.5,0.0,1.0,17.0,15.99529411764706,baker mayfield,14.9,14.9,15.181568247278793,0.0,15.181568247278793,-1.4727992060680748,0.28156824727879304,17
92,Justin Herbert,QB,LAC,2,10.57,15.389761316808368,0.0,4.0,0.0,1.0,16.0,17.93,justin herbert,15.9,15.9,15.117533168706345,0.0,15.117533168706343,-1.5368342846405252,-0.7824668312936556,18
93,Hunter Henry,TE,NE,2,6.3,7.495931435555907,4.0,0.0,0.16743471582181255,0.835,17.0,10.51764705882353,hunter henry,,9.54,8.578860801955653,0.0,8.578860801955653,-1.5501214936087244,-0.9611391980443464,15
94,Josh Downs,WR,IND,2,9.95,10.849956024659484,6.5,0.0,0.2189655172413795,0.86,16.0,8.65,josh downs,9.6,9.6,9.991987686904654,0.0,9.991987686904654,-1.6045827955020844,0.39198768690465435,32
95,Denzel Boston,WR,CLE,2,17.2,9.78925123012209,5.5,0.0,0.2075757575757575,0.925,,,denzel boston,8.6,8.6,9.964990344434185,0.0,9.964990344434186,-1.631580137972552,1.3649903444341849,33
96,Alvin Kamara,RB,NO,1,7.2,13.862770542447054,6.0,9.0,0.1875,0.29,11.0,9.154545454545454,alvin kamara,,8.531363636363636,9.364507572200962,0.0,9.364507572200962,-1.6659508623646389,0.8331439358373256,30
97,Jacoby Brissett,QB,ARI,2,11.49,15.134636173645383,0.0,3.5,0.0,1.0,14.0,16.245714285714286,jacoby brissett,,15.608857142857143,14.981812414334993,0.0,14.981812414334993,-1.6725550390118755,-0.6270447285221508,19
98,Jake Ferguson,TE,DAL,2,11.450000000000001,5.429091750081856,3.0,0.0,0.09784946236559133,0.6799999999999999,17.0,11.064705882352941,jake ferguson,9.2,9.2,8.41414569002292,0.0,8.41414569002292,-1.714836605541457,-0.7858543099770792,16
99,Devaughn Vele,WR,NO,2,15.649999999999999,13.341178944491174,8.0,0.0,0.1959134615384615,0.935,9.0,7.366666666666666,devaughn vele,,7.011666666666666,9.820530104457529,0.0,9.820530104457529,-1.7760403779492098,2.808863437790863,34
100,Daniel Jones,QB,IND,2,10.219999999999999,12.933091098181755,0.0,2.0,0.0,1.0,13.0,17.41846153846154,daniel jones,,16.60569230769231,14.811080892106276,0.0,14.811080892106276,-1.8432865612405926,-1.7946114155860329,20
101,Tre Tucker,WR,LV,2,13.799999999999999,9.931186075204963,5.5,0.0,0.1896551724137935,0.6499999999999999,17.0,9.511764705882353,tre tucker,,8.834999999999999,9.73773210105739,0.0,9.73773210105739,-1.858838381349349,0.9027321010573903,35
102,Brian Thomas Jr.,WR,JAX,2,7.0,9.430678989912721,5.5,0.0,0.21428571428571447,0.445,14.0,9.914285714285715,brian thomas,10.4,10.4,9.720590117175563,0.0,9.720590117175563,-1.8759803652311753,-0.6794098828244373,36
103,Malik Willis,QB,MIA,2,14.59,14.307966827217191,0.0,4.0,0.0,1.0,4.0,12.795,malik willis,15.0,15.0,14.757030711620814,0.0,14.757030711620814,-1.897336741726054,-0.24296928837918585,21
104,Cade Otton,TE,TB,2,7.2,10.140510105007362,5.5,0.0,0.1835016835016835,0.935,15.0,8.146666666666667,cade otton,,7.524666666666666,8.21814282940206,0.0,8.21814282940206,-1.910839466162317,0.6934761627353945,17
105,Deebo Samuel Sr.,WR,SF,2,12.25,9.732521534117708,5.5,1.0,0.198179271708683,0.51,16.0,11.7625,deebo samuel,9.1,9.1,9.655106029552957,0.0,9.655106029552957,-1.941464452853781,0.5551060295529577,37
106,Pat Freiermuth,TE,PIT,2,11.5,9.191868096458172,5.0,0.5,0.135135135135135,0.6950000000000001,15.0,7.573333333333334,pat freiermuth,,7.037333333333334,8.176123067008287,0.0,8.176123067008287,-1.9528592285560897,1.1387897336749537,18
107,Bo Nix,QB,DEN,2,9.78,14.560866054463709,0.0,4.0,0.0,1.0,17.0,17.93176470588235,bo nix,15.7,15.7,14.670642495249837,0.0,14.670642495249837,-1.9837249580970315,-1.0293575047501626,22
108,Michael Wilson,WR,ARI,2,7.199999999999999,11.802377829674624,7.0,0.0,0.229209979209979,0.895,17.0,12.976470588235294,michael wilson,9.0,9.0,9.568665792308895,0.0,9.568665792308895,-2.0279046900978432,0.5686657923088951,38
109,Darren Waller,TE,CAR,2,11.55,4.565227575720504,2.5,0.0,0.07628676470588235,0.395,9.0,9.855555555555556,darren waller,,8.977222222222222,8.050597054535075,0.0,8.050597054535075,-2.078385241029302,-0.9266251676871473,19
110,Kenny Gainwell,RB,TB,2,3.65,5.088692687392967,2.5,3.5,0.079124579124579,,17.0,13.01764705882353,kenny gainwell,,11.815,8.95183395247003,0.0,8.95183395247003,-2.07862448209557,-2.863166047529969,31
111,Xavier Worthy,WR,KC,2,9.15,10.648259139541715,6.5,0.0,0.2013953488372095,0.815,14.0,7.8500000000000005,xavier worthy,9.0,9.0,9.47951255907168,0.0,9.47951255907168,-2.117057923335059,0.47951255907167933,39
112,Dallas Goedert,TE,PHI,2,12.549999999999999,6.504900509912799,3.5,0.0,0.14304812834224584,0.6,15.0,12.34,dallas goedert,,11.088999999999999,9.980772142775583,3.0,7.984617714220466,-2.144364581343911,-1.1082278572244153,20
113,Woody Marks,RB,HOU,2,6.75,10.67954854922694,3.5,8.5,0.0735135135135135,0.495,16.0,9.06875,woody marks,,8.458437499999999,8.875336093783542,0.0,8.875336093783542,-2.155122340782059,0.416898593783543,32
114,Mike Gesicki,TE,CIN,1,18.8,13.219575174671476,7.0,0.0,0.205882352941176,0.33999999999999997,12.0,5.891666666666667,mike gesicki,,5.607916666666666,7.929363155567508,0.0,7.929363155567509,-2.1996191399968685,2.3214464889008415,21
115,Kyle Pitts,TE,ATL,2,1.25,3.9027107575552615,2.0,0.0,0.07470288624787774,0.505,17.0,12.4,kyle pitts,,11.139999999999999,7.926759012115473,0.0,7.926759012115473,-2.2022232834489044,-3.213240987884526,22
116,Khalil Shakir,WR,BUF,2,7.9,10.099231104762111,6.0,0.0,0.214285714285714,0.51,16.0,10.4,khalil shakir,9.3,9.3,9.355784709333392,0.0,9.355784709333392,-2.2407857730733465,0.05578470933339119,40
117,Rome Odunze,WR,CHI,2,7.25,6.420309055318874,3.5,0.0,0.124358974358974,0.6599999999999999,12.0,12.174999999999999,rome odunze,11.0,11.0,9.267686535489284,0.0,9.267686535489284,-2.328883946917454,-1.7323134645107157,41
118,Jadarian Price,RB,SEA,2,6.4,11.00559554433508,2.0,11.5,0.0801282051282051,0.41000000000000003,,,jadarian price,9.1,9.1,9.30956675241382,1.0,8.688928968919566,-2.341529465646035,0.20956675241382072,33
119,Colston Loveland,TE,CHI,2,0.65,4.660602639181819,2.5,0.0,0.08846153846153845,0.865,16.0,10.31875,colston loveland,10.6,10.6,7.742968738970909,0.0,7.742968738970908,-2.3860135565934693,-2.857031261029091,23
120,KC Concepcion,WR,CLE,2,8.0,10.998026973885368,5.5,2.0,0.2136363636363635,0.675,,,kc concepcion,8.6,8.6,9.199447552687904,0.0,9.199447552687904,-2.397122929718835,0.599447552687904,42
121,Jacory Croskey-Merritt,RB,WAS,2,9.2,10.972467675137171,1.0,14.0,0.031947261663286056,0.43,17.0,8.25294117647059,jacory croskey merritt,7.4,7.4,8.616290949038408,0.0,8.616290949038408,-2.4141674855271926,1.2162909490384077,34
122,Carnell Tate,WR,TEN,2,6.75,9.363446694873463,5.5,0.0,0.254201680672269,0.815,,,carnell tate,9.5,9.5,9.13176507456457,0.0,9.131765074564571,-2.4648054078421673,-0.3682349254354307,43
123,Aaron Rodgers,QB,PIT,2,8.26,17.37254352202693,0.0,2.0,0.0,0.98,16.0,14.1925,aaron rodgers,,13.863624999999999,14.173687186167541,0.0,14.173687186167541,-2.480680267179327,0.3100621861675421,23
124,Tony Pollard,RB,TEN,2,5.95,9.668480303234352,1.5,10.5,0.06512605042016804,0.535,17.0,10.929411764705883,tony pollard,8.5,8.5,8.521174484905618,0.0,8.521174484905618,-2.5092839496599826,0.02117448490561813,35
125,Keenan Allen,WR,IND,2,5.35,8.885350374594307,5.5,0.0,0.1867816091954025,0.5900000000000001,17.0,10.74705882352941,keenan allen,,9.885,9.060898104886405,0.0,9.060898104886405,-2.535672377520333,-0.8241018951135946,44
126,Brenton Strange,TE,JAX,2,7.0,4.745380473369655,2.5,0.0,0.10714285714285719,0.755,12.0,9.833333333333334,brenton strange,,8.958333333333334,7.543706532543505,0.0,7.543706532543505,-2.5852757630208725,-1.4146268007898293,24
127,Rachaad White,RB,WAS,2,9.5,10.005436182388634,4.0,7.0,0.12271805273833664,0.46499999999999997,17.0,8.411764705882353,rachaad white,7.4,7.4,8.381522131068817,0.0,8.381522131068817,-2.648936303496784,0.9815221310688163,36
128,Deshaun Watson,QB,CLE,2,16.86,15.980944068187796,0.0,6.5,0.0,1.0,,,deshaun watson,,12.0,13.69786433909258,0.0,13.69786433909258,-2.9565031142542875,1.6978643390925807,24
129,MarShawn Lloyd,RB,GB,2,6.15,8.877587969521056,1.5,9.5,0.04698275862068965,0.355,,,marshawn lloyd,8.0,8.0,8.023724631465896,0.0,8.023724631465896,-3.0067338030997046,0.023724631465896096,37
130,Chris Godwin Jr.,WR,TB,2,8.55,6.639978794475881,3.5,1.0,0.11952861952861946,0.86,9.0,9.222222222222221,chris godwin,9.5,9.5,8.585194062453246,0.0,8.585194062453246,-3.0113764199534927,-0.9148059375467543,45
131,Kenneth Gainwell,RB,,0,,,,,,,,,kenneth gainwell,7.9,7.9,7.900000000000001,0.0,7.900000000000001,-3.1304584345655995,8.881784197001252e-16,38
132,Blake Corum,RB,LA,2,7.8,8.189554861232999,0.5,11.0,0.01666666666666665,0.34,17.0,7.188235294117647,blake corum,7.6,7.6,7.7890753611452395,0.0,7.7890753611452395,-3.2413830734203612,0.18907536114523982,39
133,Michael Mayer,TE,LV,2,7.25,9.811995997529497,5.5,0.0,0.1896551724137935,0.825,13.0,5.676923076923076,michael mayer,,5.425384615384615,6.872589648539028,0.0,6.872589648539028,-3.256392647025349,1.4472050331544137,25
134,Tyler Allgeier,RB,ARI,2,6.45,10.122862288412126,2.0,11.0,0.06548856548856549,0.615,17.0,7.235294117647059,tyler allgeier,,6.8999999999999995,7.748401440755396,0.0,7.748401440755396,-3.2820569938102047,0.8484014407553966,40
135,Geno Smith,QB,NYJ,2,12.440000000000001,17.423907795830623,0.0,5.5,0.0,1.0,15.0,11.593333333333334,geno smith,,11.654333333333334,13.364094182832574,0.0,13.364094182832575,-3.2902732705142927,1.70976084949924,25
136,Jauan Jennings,WR,MIN,1,0.0,1.979420995430731,1.0,0.0,0.0434782608695652,0.48,15.0,11.553333333333335,jauan jennings,,10.570333333333334,8.274148674200378,0.0,8.274148674200378,-3.322421808206361,-2.2961846591329564,46
137,Adonai Mitchell,WR,NYJ,2,10.65,13.352420035038708,7.5,0.0,0.2318840579710145,0.7549999999999999,16.0,5.4937499999999995,adonai mitchell,,5.419687499999999,8.268490109810838,0.0,8.268490109810838,-3.3280803725959007,2.8488026098108383,47
138,Josh Jacobs,RB,,0,,,,,,,,,josh jacobs,7.7,7.7,7.7,0.0,7.7,-3.3304584345656005,0.0,41
139,Oronde Gadsden II,TE,LAC,2,7.5,3.6165855671713154,2.0,0.0,0.0754985754985755,0.31,15.0,8.76,oronde gadsden,,8.046,6.740243958807969,0.0,6.740243958807969,-3.3887383367564086,-1.3057560411920308,26
140,DJ Moore,WR,BUF,2,10.45,7.837402842619705,4.0,0.5,0.142857142857143,0.535,17.0,10.128235294117648,dj moore,10.0,10.0,9.448472795933517,2.0,8.18867642314238,-3.4078940592643576,-0.5515272040664829,48
141,Malik Washington,WR,MIA,2,7.5,11.732962287189434,6.5,0.5,0.256843800322061,0.855,17.0,6.864705882352942,malik washington,,6.585,8.136229440413041,0.0,8.136229440413041,-3.460341041993697,1.5512294404130413,49
142,Quentin Johnston,WR,LAC,2,3.05,9.745945872111173,5.5,0.5,0.207264957264957,0.795,13.0,13.169230769230769,quentin johnston,8.4,8.4,8.13486484419113,0.0,8.13486484419113,-3.4617056382156086,-0.2651351558088706,50
143,Michael Pittman,WR,PIT,1,8.8,5.116785265098728,3.0,0.0,0.0810810810810811,0.88,17.0,11.905882352941177,michael pittman,9.4,9.4,8.605437421392278,1.0,8.03174159329946,-3.564828889107279,-0.7945625786077226,51
144,Courtland Sutton,WR,DEN,2,4.3,7.473543594851908,4.5,0.0,0.161558109833972,0.745,17.0,12.923529411764704,courtland sutton,9.0,9.0,8.008592206558534,0.0,8.008592206558534,-3.5879782758482044,-0.991407793441466,52
145,Xavier Hutchinson,WR,HOU,2,6.45,12.844442694742106,7.5,0.0,0.171081081081081,0.685,16.0,6.125,xavier hutchinson,,5.95625,7.94419395452779,0.0,7.94419395452779,-3.652376527878948,1.9879439545277906,53
146,Rico Dowdle,RB,PIT,2,5.25,9.888656215513643,3.5,7.5,0.09459459459459454,0.42,17.0,12.723529411764707,rico dowdle,8.5,8.5,8.49882374034382,2.0,7.365647241631311,-3.66481119293429,-0.0011762596561801786,42
147,Kirk Cousins,QB,LV,2,17.009999999999998,16.317408897983142,0.0,4.5,0.0,1.0,10.0,10.354,kirk cousins,,10.6009,12.97061449143528,0.0,12.97061449143528,-3.6837529619115887,2.36971449143528,26
148,Terrance Ferguson,TE,LA,2,8.7,9.297840389192967,5.0,0.0,0.16851851851851848,0.5449999999999999,11.0,4.736363636363636,terrance ferguson,,4.62590909090909,6.422940763519485,0.0,6.4229407635194855,-3.7060415320448916,1.7970316726103945,27
149,Chig Okonkwo,TE,WAS,1,3.6,5.884772608841475,3.0,0.0,0.103448275862069,0.56,17.0,7.294117647058823,chig okonkwo,,6.799999999999999,6.399835206547258,0.0,6.399835206547258,-3.729147089017119,-0.40016479345274103,28
150,Colby Parkinson,TE,LA,2,2.55,3.415238210975205,2.0,0.0,0.07037037037037039,0.74,14.0,9.271428571428572,colby parkinson,,8.480714285714287,6.35069527050163,0.0,6.35069527050163,-3.778287025062747,-2.130019015212657,29
151,Romeo Doubs,WR,NE,2,6.3,6.52489262537994,3.5,0.0,0.14362519201228854,0.615,16.0,10.3375,romeo doubs,8.6,8.6,7.742969935106382,0.0,7.742969935106382,-3.8536005473003563,-0.8570300648936175,54
152,RJ Harvey,RB,DEN,1,8.1,6.161931374419664,4.0,3.0,0.148148148148148,0.51,17.0,12.152941176470588,rj harvey,8.0,8.0,7.685837990523441,1.0,7.173448791155212,-3.8570096434103887,-0.3141620094765587,43
153,Rashid Shaheed,WR,SEA,2,4.15,8.07268016721611,4.5,0.5,0.1778846153846155,0.6100000000000001,18.0,8.7,rashid shaheed,,8.145,7.64535044682051,0.0,7.64535044682051,-3.9512200355862284,-0.49964955317948956,55
154,Evan Engram,TE,DEN,2,8.5,5.429091750081856,3.0,0.0,0.10983397190293735,0.575,16.0,6.425,evan engram,,6.061249999999999,6.176895690022919,0.0,6.176895690022919,-3.9520866055414583,0.11564569002291947,30
155,AJ Barner,TE,SEA,2,5.6,2.5725684951608114,1.5,0.5,0.0608974358974359,0.8400000000000001,17.0,8.664705882352942,aj barner,,7.965000000000001,6.171319178645028,0.0,6.171319178645027,-3.95766311691935,-1.7936808213549726,31
156,Theo Johnson,TE,NYG,2,0.95,4.808963849010532,2.5,0.0,0.07974137931034485,0.37,15.0,8.52,theo johnson,,7.841999999999999,6.165709877722948,0.0,6.165709877722948,-3.963272417841429,-1.6762901222770505,32
157,Wan'Dale Robinson,WR,TEN,2,5.3500000000000005,5.613521514847797,3.5,0.0,0.13655462184873934,0.675,16.0,13.618749999999999,wandale robinson,9.0,9.0,7.613786024157383,0.0,7.613786024157383,-3.9827844582493555,-1.386213975842617,56
158,Noah Fant,TE,NO,2,6.65,7.273389620812837,4.0,0.0,0.076923076923077,0.425,13.0,5.753846153846154,noah fant,,5.490769230769231,6.129010632289132,0.0,6.129010632289132,-3.999971663275245,0.6382414015199016,33
159,Dontayvion Wicks,WR,PHI,2,13.850000000000001,8.821888915098224,5.0,0.0,0.179144385026738,0.765,13.0,5.8307692307692305,dontayvion wicks,,5.706153846153846,7.555821203919811,0.0,7.555821203919811,-4.040749278486928,1.8496673577659646,57
160,Kalif Raymond,WR,CHI,2,12.7,11.346692274408552,7.0,0.0,0.2564102564102565,0.61,15.0,4.453333333333333,kalif raymond,,4.535333333333333,7.422273836834394,0.0,7.422273836834394,-4.174296645572344,2.8869405035010614,58
161,Kendrick Bourne,WR,ARI,2,9.3,8.862939609581222,5.5,0.0,0.1658004158004155,0.635,14.0,6.578571428571428,kendrick bourne,,6.341785714285714,7.4026945192541715,0.0,7.4026945192541715,-4.193875963152567,1.0609088049684576,59
162,Jakobi Meyers,WR,JAX,2,8.0,3.1649368775963445,1.5,0.5,0.06547619047619045,0.775,16.0,10.9875,jakobi meyers,9.2,9.2,7.366182325726976,0.0,7.366182325726976,-4.230388156679762,-1.833817674273023,60
163,Mason Taylor,TE,NYJ,1,1.8,5.079383184057033,3.0,0.0,0.130434782608696,0.56,13.0,6.838461538461539,mason taylor,,6.412692307692308,5.833411287979212,0.0,5.833411287979212,-4.295571007585165,-0.579281019713096,34
164,Kayshon Boutte,WR,HOU,2,4.9,6.128969110148763,3.5,0.0,0.07702702702702705,0.59,14.0,8.864285714285714,kayshon boutte,,8.284642857142856,7.274897065127368,0.0,7.274897065127368,-4.321673417279371,-1.0097457920154884,61
165,Cam Ward,QB,TEN,2,15.86,13.350372059111812,0.0,4.0,0.0,1.0,17.0,10.98,cam ward,,11.133,12.321104176551307,0.0,12.321104176551307,-4.333263276795561,1.1881041765513078,27
166,Ryan Flournoy,WR,DAL,2,5.75,7.947869079587891,5.0,0.0,0.1634408602150535,0.735,15.0,7.6,ryan flournoy,,7.21,7.241403342284609,0.0,7.241403342284609,-4.35516714012213,0.031403342284608726,62
167,Keon Coleman,WR,BUF,2,6.7,5.785337379948119,3.5,0.0,0.12499999999999985,0.62,12.0,8.533333333333333,keon coleman,,8.003333333333334,7.225894466385474,0.0,7.225894466385474,-4.370676016021265,-0.7774388669478602,63
168,Tyjae Spears,RB,TEN,2,6.7,7.036566995170341,3.0,5.0,0.130252100840336,0.43,13.0,8.592307692307692,tyjae spears,6.4,6.4,6.614238758647696,0.0,6.614238758647696,-4.416219675917905,0.2142387586476957,44
169,Tyler Higbee,TE,LA,1,1.2,3.542404962256959,2.0,0.0,0.0740740740740741,0.23,10.0,7.109999999999999,tyler higbee,,6.643499999999999,5.692545868394967,0.0,5.692545868394967,-4.436436427169411,-0.9509541316050321,35
170,Jayden Reed,WR,GB,2,3.2,6.506181279828043,4.0,0.0,0.10474137931034484,0.3,5.0,9.7,jayden reed,10.0,10.0,8.205730758351852,2.0,7.111633323904938,-4.4849371585018005,-1.7942692416481485,64
171,Jordan Addison,WR,MIN,2,2.05,5.919801970026632,3.5,0.0,0.1750572082379862,0.855,14.0,9.65,jordan addison,8.6,8.6,7.063544551607457,0.0,7.063544551607456,-4.533025930799282,-1.5364554483925428,65
172,Gunnar Helm,TE,TEN,2,5.05,6.081011338973619,3.5,0.0,0.148109243697479,0.815,16.0,5.73125,gunnar helm,,5.4715625,5.591620674912614,0.0,5.591620674912614,-4.5373616206517635,0.1200581749126135,36
173,Greg Dulcich,TE,MIA,2,3.75,4.321491302430475,2.5,0.0,0.10225442834138505,0.69,9.0,6.977777777777778,greg dulcich,,6.531111111111111,5.578684231347199,0.0,5.578684231347199,-4.550298064217178,-0.9524268797639115,37
174,Alec Pierce,WR,IND,2,6.1,6.24102293521419,3.5,0.0,0.12011494252873565,0.425,15.0,12.22,alec pierce,9.4,9.4,8.119486421859973,2.0,7.036888232278643,-4.559682250128096,-1.2805135781400274,66
175,Mack Hollins,WR,NE,2,6.449999999999999,5.94968299004408,3.5,0.0,0.1282642089093701,0.705,14.0,8.1,mack hollins,,7.635,7.020911237212343,0.0,7.020911237212343,-4.575659245194395,-0.6140887627876568,67
176,Drew Lock,QB,SEA,2,17.09,10.004326401868255,0.0,1.0,0.0,0.95,3.0,0.033333333333333326,drew lock,,12.0,12.052011392523111,0.0,12.052011392523111,-4.602356060823757,0.052011392523111155,28
177,Troy Franklin,WR,DEN,2,2.1,3.26952044765741,1.5,0.5,0.053001277139208144,0.27,17.0,10.41764705882353,troy franklin,,9.605,6.930465725344075,0.0,6.930465725344075,-4.666104757062663,-2.674534274655925,68
178,Marvin Harrison Jr.,WR,ARI,2,2.15,3.6302759353127096,2.0,0.0,0.0597713097713098,0.765,12.0,10.65,marvin harrison,9.4,9.4,6.914477261887559,0.0,6.914477261887559,-4.682093220519179,-2.485522738112441,69
179,Kimani Vidal,RB,LAC,1,0.0,-0.2858901808028343,0.0,0.0,0.0,0.085,13.0,9.069230769230769,kimani vidal,,8.458846153846153,6.294103833744119,0.0,6.294103833744119,-4.736354600821482,-2.164742320102034,45
180,Emanuel Wilson,RB,SEA,2,4.75,8.70965586482754,0.5,11.5,0.01923076923076925,0.235,17.0,5.5588235294117645,emanuel wilson,,5.475,6.29370364215171,0.0,6.29370364215171,-4.73675479241389,0.8187036421517107,46
181,Carson Wentz,QB,MIN,2,12.77,11.299732158332546,0.0,4.0,0.0,0.915,5.0,14.068000000000001,carson wentz,,12.0,11.896325004333113,0.0,11.896325004333113,-4.758042449013756,-0.10367499566688743,29
182,Devin Singletary,RB,NYG,2,7.3500000000000005,5.879585021106267,2.5,4.5,0.0845905172413795,0.31,17.0,6.3999999999999995,devin singletary,,6.1899999999999995,6.242283805909755,0.0,6.242283805909755,-4.788174628655845,0.0522838059097559,47
183,J.K. Dobbins,RB,DEN,2,3.6,6.220198896812654,0.0,9.0,0.0,0.385,10.0,11.59,jk dobbins,8.3,8.3,7.153655691107543,2.0,6.199834932293204,-4.830623502272397,-1.1463443088924574,48
184,Germie Bernard,WR,PIT,1,7.5,13.40094098452607,8.0,0.0,0.216216216216216,0.41500000000000004,,,germie bernard,,5.0,6.6576646722920625,0.0,6.6576646722920625,-4.938905810114676,1.6576646722920625,70
185,Elic Ayomanor,WR,TEN,2,8.5,5.176547305133623,3.0,0.0,0.1418067226890755,0.525,16.0,7.28125,elic ayomanor,,6.9390624999999995,6.632870745437414,0.0,6.632870745437414,-4.963699736969325,-0.30619175456258585,71
186,Jonnu Smith,TE,GB,1,7.0,5.56685573063709,3.0,0.0,0.075,0.345,17.0,5.011764705882353,jonnu smith,,4.859999999999999,5.144199752861491,0.0,5.144199752861491,-4.984782542702886,0.28419975286149146,38
187,Makai Lemon,WR,PHI,2,2.2,4.43480881225587,2.5,0.5,0.1056149732620322,0.635,,,makai lemon,8.5,8.5,6.6057464674316435,0.0,6.6057464674316435,-4.990824014975095,-1.8942535325683565,72
188,Jameis Winston,QB,NYG,1,2.54,13.708211455410744,0.0,2.0,0.0,0.88,3.0,14.426666666666668,jameis winston,,12.0,11.58943700469688,0.0,11.58943700469688,-5.064930448649989,-0.41056299530312046,30
189,Caleb Douglas,WR,MIA,2,9.15,8.567900244949923,5.0,0.0,0.19484702093397752,0.885,,,caleb douglas,,5.0,6.4970120685859785,0.0,6.4970120685859785,-5.09955841382076,1.4970120685859785,73
190,Marquise Brown,WR,PHI,1,1.2,1.933265314543209,0.0,2.0,0.0,0.22,16.0,8.60625,marquise brown,,8.0653125,6.477305805045061,0.0,6.477305805045061,-5.119264677361677,-1.588006694954938,74
191,Dawson Knox,TE,BUF,2,5.1,2.5513740366138524,1.5,0.0,0.05357142857142855,0.7150000000000001,16.0,6.48125,dawson knox,,6.109062499999999,4.991822230251879,0.0,4.991822230251879,-5.137160065312498,-1.1172402697481205,39
192,Bam Knight,RB,ARI,1,2.4,1.1599073920006076,0.0,2.0,0.0,,12.0,7.741666666666667,bam knight,,7.330416666666667,5.880796293600106,0.0,5.880796293600107,-5.149662140965494,-1.449620373066561,49
193,Rashod Bateman,WR,BAL,2,10.9,8.821888915098224,5.0,0.0,0.17600574712643685,0.855,13.0,4.2615384615384615,rashod bateman,,4.372307692307692,6.401513511612118,0.0,6.401513511612118,-5.195056970794621,2.0292058193044253,75
194,Kaelon Black,RB,SF,2,5.25,7.850769983802665,0.5,10.5,0.0147058823529412,0.38,,,kaelon black,,5.0,5.828215595464746,0.0,5.828215595464746,-5.202242839100855,0.8282155954647461,50
195,Austin Hooper,TE,ATL,1,4.0,7.040250576796287,4.0,0.0,0.129032258064516,0.33,13.0,4.561538461538461,austin hooper,,4.477307692307692,4.890024620170119,0.0,4.890024620170119,-5.238957675394258,0.4127169278624274,40
196,Roman Wilson,WR,PIT,2,6.699999999999999,10.360690029914775,6.0,0.0,0.162162162162162,0.67,9.0,4.288888888888889,roman wilson,,4.395555555555555,6.34232654170947,0.0,6.34232654170947,-5.254243940697268,1.9467709861539149,76
197,Marcus Mariota,QB,WAS,1,8.74,7.874936729091634,0.0,1.0,0.0,0.45,10.0,12.55,marcus mariota,,12.467500000000001,11.384238927591037,0.0,11.384238927591037,-5.2701285257558315,-1.0832610724089644,31
198,Kenyon Sadiq,TE,NYJ,2,7.550000000000001,5.14296655969791,3.0,0.5,0.10688405797101466,0.39,,,kenyon sadiq,,4.0,4.746030636715415,0.0,4.746030636715415,-5.382951658848962,0.7460306367154148,41
199,Ted Hurst III,WR,TB,2,5.65,9.053466820233442,5.0,0.0,0.1616161616161615,0.745,,,ted hurst,,5.0,6.212970709665364,0.0,6.212970709665364,-5.383599772741374,1.2129707096653641,77
200,Tommy Tremble,TE,CAR,2,3.45,6.356539300084087,3.5,0.0,0.104779411764706,0.56,15.0,4.260000000000001,tommy tremble,,4.221,4.726431004023544,0.0,4.726431004023544,-5.402551291540833,0.5054310040235439,42
201,Malachi Fields,WR,NYG,2,4.75,9.225282685333763,5.0,0.0,0.1627155172413795,0.765,,,malachi fields,,5.0,6.153079151893453,0.0,6.153079151893453,-5.443491330513285,1.1530791518934533,78
202,Braelon Allen,RB,NYJ,2,6.25,6.522935237001768,1.0,7.5,0.0356280193236715,0.355,4.0,3.825,braelon allen,,5.0,5.576421866360495,0.0,5.576421866360495,-5.4540365682051055,0.5764218663604952,51
203,Cole Kmet,TE,CHI,2,5.75,3.94509967464918,2.0,0.0,0.07435897435897415,0.6299999999999999,16.0,4.91875,cole kmet,,4.780937499999999,4.6631904089017695,0.0,4.6631904089017695,-5.465791886662608,-0.1177470910982299,43
204,Jordan Mason,RB,MIN,1,11.9,10.557591615222979,0.0,15.0,0.0,0.45,16.0,8.05625,jordan mason,8.7,8.7,9.26507853266402,6.0,5.559047119598413,-5.471411314967188,0.5650785326640211,52
205,Jayden Daniels,QB,WAS,2,16.2,16.459764246066072,0.0,6.0,0.0,0.775,7.0,16.325714285714287,jayden daniels,17.0,17.0,16.752733988898502,5.0,11.168489325932335,-5.485878127414534,-0.24726601110149815,32
206,DeMario Douglas,WR,NE,2,4.45,7.271846709734138,4.5,0.0,0.1605222734254991,0.5449999999999999,16.0,5.9875,demario douglas,,5.8393749999999995,6.073742078725558,0.0,6.073742078725558,-5.5228284036811806,0.2343670787255583,79
207,Emmett Johnson,RB,KC,2,7.15,5.694811506919697,2.0,5.0,0.0632558139534884,0.27,,,emmett johnson,,5.0,5.4525472219375155,0.0,5.4525472219375155,-5.577911212628085,0.4525472219375155,53
208,Justice Hill,RB,BAL,2,3.8,4.3576962658189675,1.5,4.0,0.055316091954023,0.46499999999999997,10.0,6.5200000000000005,justice hill,,6.292,5.451354954429311,0.0,5.451354954429311,-5.57910348013629,-0.8406450455706889,54
209,Darnell Washington,TE,PIT,2,2.75,3.457627128069123,2.0,0.0,0.0540540540540541,0.585,13.0,5.6461538461538465,darnell washington,,5.399230769230769,4.537674057397816,0.0,4.537674057397816,-5.591308238166561,-0.8615567118329528,44
210,Tyquan Thornton,WR,KC,2,6.3,4.754513605428172,2.5,0.0,0.06651162790697675,0.635,12.0,6.733333333333333,tyquan thornton,,6.473333333333334,5.971263809519888,0.0,5.971263809519888,-5.62530667288685,-0.5020695238134456,80
211,Antonio Williams,WR,WAS,2,10.899999999999999,5.927272225030994,3.5,0.0,0.11308316430020306,0.43,,,antonio williams,,5.0,5.967636223008678,0.0,5.967636223008678,-5.6289342593980605,0.9676362230086779,81
212,Jonah Coleman,RB,DEN,2,7.4,5.307240209925948,1.5,5.0,0.0517241379310345,0.23,,,jonah coleman,,5.0,5.374027258779266,0.0,5.374027258779266,-5.656431175786334,0.37402725877926635,55
213,Cooper Kupp,WR,SEA,2,4.75,4.321238815175186,2.5,0.0,0.10096153846153845,0.605,16.0,7.26875,cooper kupp,,6.928437499999999,5.9370093682490515,0.0,5.9370093682490515,-5.659561114157687,-0.9914281317509479,82
214,Chris Rodriguez Jr.,RB,JAX,2,1.7999999999999998,4.051502537607491,0.0,6.0,0.0,0.31,12.0,7.666666666666667,chris rodriguez,6.7,6.7,5.370420710530098,0.0,5.370420710530098,-5.660037724035503,-1.3295792894699021,56
215,Kendre Miller,RB,NO,1,9.0,6.220198896812654,0.0,9.0,0.0,0.29,7.0,4.757142857142857,kendre miller,,4.793571428571428,5.358713378370785,0.0,5.358713378370785,-5.6717450561948155,0.5651419497993571,57
216,Brian Robinson,RB,ATL,2,5.8999999999999995,8.262188655694494,1.0,10.0,0.03225806451612905,0.365,17.0,3.676470588235294,brian robinson,,3.8749999999999996,5.346412823594458,0.0,5.346412823594458,-5.684045610971142,1.4714128235944588,58
217,Calvin Ridley,WR,TEN,1,5.5,3.4808708352254727,2.0,0.0,0.117647058823529,0.63,7.0,6.757142857142857,calvin ridley,,6.493571428571428,5.8918309675930285,0.0,5.8918309675930285,-5.70473951481371,-0.6017404609783998,83
218,Josh Oliver,TE,MIN,2,3.8,4.395671907344831,2.5,0.0,0.1132723112128147,0.625,12.0,4.583333333333333,josh oliver,,4.495833333333333,4.384288134056552,0.0,4.384288134056552,-5.744694161507825,-0.11154519927678042,45
219,Jalen Nailor,WR,LV,2,3.8,6.849813010028687,4.0,0.0,0.1379310344827585,0.6,17.0,5.923529411764706,jalen nailor,,5.785,5.844947642808032,0.0,5.844947642808032,-5.751622839598706,0.05994764280803189,84
220,Samaje Perine,RB,CIN,2,5.6,5.109082674268684,2.0,3.5,0.060246679316888055,0.34,15.0,5.193333333333333,samaje perine,,5.164333333333333,5.201143148795232,0.0,5.201143148795231,-5.829315285770369,0.036809815461898765,59
221,Pat Bryant,WR,DEN,2,4.8999999999999995,6.108074517150935,3.5,0.5,0.12835249042145586,0.625,13.0,5.753846153846154,pat bryant,,5.640769230769231,5.6827224032638,0.0,5.6827224032638,-5.913848079142938,0.0419531724945692,85
222,Sam Roush,TE,CHI,1,1.9,5.397300062261418,3.0,0.0,0.1,0.21500000000000002,,,sam roush,,4.0,4.087027510895748,0.0,4.087027510895748,-6.041954784668629,0.0870275108957479,46
223,Erick All,TE,CIN,1,2.5,5.036994266963115,3.0,0.0,0.0967741935483871,0.365,,,erick all,,4.0,4.068973996718545,0.0,4.068973996718545,-6.060008298845832,0.06897399671854476,47
224,Jerry Jeudy,WR,CLE,2,2.3,4.2241255001184825,2.5,0.0,0.10757575757575764,0.61,17.0,7.1000000000000005,jerry jeudy,,6.785,5.529755140033175,0.0,5.529755140033175,-6.066815342373563,-1.255244859966825,86
225,Tre Harris,WR,LAC,2,5.65,7.712591754991485,4.5,0.0,0.16880341880341848,0.7849999999999999,16.0,4.3375,tre harris,,4.436875000000001,5.499650691397616,0.0,5.499650691397616,-6.096919791009122,1.0627756913976159,87
226,Xavier Legette,WR,CAR,2,4.2,5.348363170233945,3.0,0.0,0.09191176470588235,0.515,15.0,5.953333333333333,xavier legette,,5.810333333333333,5.487741687665505,0.0,5.487741687665505,-6.108828794741234,-0.3225916456678286,88
227,Tez Johnson,WR,TB,2,2.75,5.54040655290142,2.5,0.5,0.079124579124579,0.26,15.0,6.16,tez johnson,,5.986,5.472913834812397,0.0,5.472913834812397,-6.123656647594341,-0.5130861651876026,89
228,DJ Herman,RB,MIA,1,2.8,5.303227872115384,3.0,0.0,0.130434782608696,0.28,,,dj herman,,5.0,4.8880648776201925,0.0,4.8880648776201925,-6.142393556945408,-0.11193512237980752,60
229,Jared Wayne,WR,HOU,2,3.75,7.036569385137733,4.0,0.0,0.08351351351351351,0.41000000000000003,1.0,4.0,jared wayne,,5.0,5.420239427838565,0.0,5.420239427838565,-6.176331054568173,0.42023942783856505,90
230,Tanner Hudson,TE,CIN,1,1.4,1.7298987793464176,1.0,0.0,0.0294117647058824,0.09,10.0,4.779999999999999,tanner hudson,,4.662999999999999,3.9049822863856223,0.0,3.9049822863856223,-6.224000009178755,-0.7580177136143771,48
231,Josh Palmer,WR,BUF,2,10.850000000000001,4.605108505340936,2.5,0.0,0.08928571428571419,0.345,12.0,4.358333333333333,josh palmer,,4.454583333333334,5.264180381495462,0.0,5.264180381495462,-6.332390100911276,0.8095970481621286,91
232,Adam Trautman,TE,DEN,1,3.0,5.036994266963115,3.0,0.0,0.111111111111111,0.51,13.0,3.5,adam trautman,,3.575,3.7877239967185456,0.0,3.7877239967185456,-6.3412582988458315,0.21272399671854547,49
233,Tank Bigsby,RB,PHI,2,6.050000000000001,5.912176170325123,1.0,7.0,0.02941176470588235,0.225,15.0,3.5866666666666664,tank bigsby,,3.798666666666666,4.660609327691034,0.0,4.660609327691034,-6.369849106874566,0.8619426610243681,61
234,Sam Darnold,QB,SEA,1,0.52,0.1359217770600204,0.0,0.0,0.0,0.1,17.0,13.848235294117648,sam darnold,,13.571000000000002,10.241036310985505,0.0,10.241036310985505,-6.413331142361363,-3.3299636890144964,33
235,Demarcus Robinson,WR,SF,2,9.7,5.161606795124899,3.0,0.0,0.11554621848739505,0.47,14.0,4.1571428571428575,demarcus robinson,,4.283571428571429,5.179392759777829,0.0,5.179392759777829,-6.417177722628909,0.8958213312063998,92
236,Darnell Mooney,WR,NYG,2,5.75,4.298828050162101,2.5,0.0,0.08135775862068964,0.645,15.0,5.486666666666666,darnell mooney,,5.413666666666666,5.141871854045388,0.0,5.141871854045388,-6.45469862836135,-0.2717948126212777,93
237,Eli Raridon,TE,NE,2,5.6,1.9312461355425279,1.0,0.0,0.039938556067588296,0.37,,,eli raridon,,4.0,3.6127489179519072,0.0,3.6127489179519072,-6.51623337761247,-0.3872510820480928,50
238,Jack Strand,QB,ATL,1,-0.04,6.401598866395379,0.0,2.0,0.0,0.42,,,jack strand,,12.0,10.11727980161919,0.0,10.11727980161919,-6.537087651727678,-1.8827201983808095,34
239,Jaylin Noel,WR,HOU,2,6.35,6.369533442303598,3.5,0.5,0.07702702702702705,0.44999999999999996,17.0,4.023529411764706,jaylin noel,,4.17,5.047469363845008,0.0,5.047469363845008,-6.5491011185617305,0.877469363845008,94
240,Mike Washington Jr.,RB,LV,2,2.4,4.214794395151088,0.5,5.0,0.01724137931034485,0.19,,,mike washington,,5.0,4.468142430642304,0.0,4.468142430642304,-6.562316003923296,-0.5318575693576957,62
241,A.J. Brown,WR,NE,1,5.6,6.453889494797511,4.0,0.0,0.129032258064516,0.44,15.0,14.686666666666667,aj brown,9.1,9.1,8.374430661589564,6.0,5.024658396953739,-6.5719120854529995,-0.7255693384104358,95
242,Marlin Klein,TE,HOU,1,2.6,1.9418433648160074,1.0,0.0,0.027027027027027,0.11,,,marlin klein,,4.0,3.5348225888428013,0.0,3.5348225888428013,-6.594159706721576,-0.4651774111571987,51
243,Dyami Brown,WR,WAS,2,2.05,7.006688365120286,4.0,0.0,0.12271805273833664,0.54,11.0,4.5181818181818185,dyami brown,,4.590454545454546,4.962145469506408,0.0,4.962145469506408,-6.634425012900331,0.37169092405186177,96
244,Isaac TeSlaa,WR,DET,2,2.3,5.2512498551772415,3.0,0.0,0.0786099865047233,0.7150000000000001,14.0,5.421428571428572,isaac teslaa,,5.358214285714286,4.961278530878199,0.0,4.961278530878199,-6.635291951528539,-0.396935754836087,97
245,Matthew Hibner,TE,BAL,1,2.3,1.6663154037055405,1.0,0.0,0.0416666666666667,0.335,,,matthew hibner,,4.0,3.46410519564847,0.0,3.46410519564847,-6.664877099915907,-0.5358948043515301,52
246,Isaiah Williams,WR,NYJ,2,6.25,5.951199162059336,3.5,0.5,0.1050724637681161,0.71,15.0,4.046666666666667,isaiah williams,,4.189666666666667,4.930135765376614,0.0,4.930135765376614,-6.666434717030125,0.7404690987099469,98
247,Raheim Sanders,RB,CLE,2,3.8499999999999996,3.2099947860547253,2.0,1.5,0.08484848484848465,0.27,4.0,5.074999999999999,raheim sanders,,5.0,4.360798540095322,0.0,4.360798540095322,-6.6696598944702785,-0.6392014599046778,63
248,Lan Larison,RB,NE,1,2.9,2.2163046695342477,2.0,0.0,0.0645161290322581,0.04,,,lan larison,,5.0,4.355353317168493,0.0,4.355353317168493,-6.675105117397107,-0.6446466828315067,64
249,Oscar Delp,TE,NO,1,1.8,1.7934821549872946,1.0,0.0,0.03125,0.13,,,oscar delp,,4.0,3.4488593771227767,0.0,3.4488593771227767,-6.680122918441601,-0.5511406228772233,53
250,Jake Briningstool,TE,KC,1,1.9,1.7298987793464176,1.0,0.0,0.04,0.155,,,jake briningstool,,4.0,3.445232286385623,0.0,3.445232286385623,-6.683750009178754,-0.5547677136143769,54
251,Nate Boerkircher,TE,JAX,1,1.9,1.6875098622524995,1.0,0.0,0.0476190476190476,0.53,,,nate boerkircher,,4.0,3.4378142258941873,0.0,3.4378142258941873,-6.69116806967019,-0.5621857741058127,55
252,Jordan James,RB,SF,1,1.5,2.6057049648040493,0.0,4.0,0.0,0.15,,,jordan james,,5.0,4.318498368840709,0.0,4.318498368840709,-6.711960065724892,-0.681501631159291,65
253,Drew Sample,TE,CIN,1,4.9,5.058188725510074,3.0,0.0,0.0882352941176471,0.63,12.0,2.658333333333333,drew sample,,2.859583333333333,3.397370526964263,0.0,3.3973705269642624,-6.731611768600114,0.5377871936309297,56
254,Nicholas Singleton,RB,TEN,1,1.0,2.6057049648040493,0.0,4.0,0.0,0.11,,,nicholas singleton,,5.0,4.2809983688407085,0.0,4.2809983688407085,-6.749460065724892,-0.7190016311592915,66
255,Brenen Thompson,WR,LAC,1,2.3,5.281130875194688,3.0,0.0,0.115384615384615,0.18,,,brenen thompson,,5.0,4.84669790315907,0.0,4.84669790315907,-6.749872579247668,-0.15330209684093,99
256,Najee Harris,RB,NYG,1,0.6,2.6057049648040493,0.0,4.0,0.0,0.14,3.0,3.8666666666666667,najee harris,,5.0,4.250998368840708,0.0,4.250998368840708,-6.7794600657248925,-0.7490016311592917,67
257,David Njoku,TE,LAC,2,6.3500000000000005,7.326375767180234,4.0,0.0,0.1502849002849,0.35500000000000004,11.0,7.845454545454545,david njoku,,7.268636363636363,7.174567032992283,8.0,3.3481312820630653,-6.780851013501312,-0.09406933064407941,57
258,John Bates,TE,WAS,1,3.3,5.185355476791828,3.0,0.0,0.103448275862069,0.4,10.0,2.73,john bates,,2.9205,3.34531220843857,0.0,3.34531220843857,-6.783670087125808,0.4248122084385697,58
259,Dylan Sampson,RB,CLE,1,0.0,-0.2858901808028343,0.0,0.0,0.0,0.0,15.0,5.840000000000001,dylan sampson,,5.714,4.235469218359505,0.0,4.235469218359505,-6.794989216206096,-1.4785307816404956,68
260,Ja'Kobi Lane,WR,BAL,1,2.1,5.071963735072558,3.0,0.0,0.125,0.4,,,jakobi lane,,5.0,4.795093653637697,0.0,4.795093653637697,-6.801476828769041,-0.20490634636230265,100
261,Nate Adkins,TE,DEN,2,6.4,2.7527213928099625,1.5,0.5,0.0517241379310345,0.31,6.0,2.8000000000000003,nate adkins,,2.9800000000000004,3.3267619899867897,0.0,3.3267619899867897,-6.802220305577587,0.3467619899867893,59
262,Daniel Bellinger,TE,TEN,2,0.85,1.698107091525979,1.0,0.0,0.047268907563025195,0.365,13.0,4.584615384615384,daniel bellinger,,4.496923076923077,3.2756238317811204,0.0,3.2756238317811204,-6.853358463783257,-1.2212992451419562,60
263,Bryce Lance,WR,NO,2,4.5,4.209184990109759,2.5,0.0,0.05408653846153845,0.74,,,bryce lance,,5.0,4.718571797230732,0.0,4.718571797230732,-6.877998685176006,-0.28142820276926805,101
264,Andrei Iosivas,WR,CIN,2,2.45,3.234352420081533,2.0,0.0,0.060246679316888055,0.5700000000000001,15.0,5.993333333333334,andrei iosivas,,5.844333333333334,4.70621867762283,0.0,4.70621867762283,-6.890351804783909,-1.1381146557105044,102
265,Devontez Walker,WR,BAL,1,5.7,3.9739076655133534,2.0,0.0,0.0689655172413793,0.29,8.0,4.7,devontez walker,,4.745,4.681683841464837,0.0,4.681683841464837,-6.914886640941901,-0.06331615853516315,103
266,Davis Allen,TE,LA,2,2.0,1.655718174432061,1.0,0.0,0.03518518518518515,0.43000000000000005,15.0,4.1866666666666665,davis allen,,4.158666666666666,3.198801088840977,0.0,3.1988010888409764,-6.9301812067234,-0.9598655778256893,61
267,Kaytron Allen,RB,WAS,2,2.0,2.96715435800491,0.0,4.5,0.0,0.09,,,kaytron allen,,5.0,4.070803220241375,0.0,4.070803220241375,-6.959655214324226,-0.9291967797586249,69
268,Tyson Bagent,QB,CHI,1,2.16,2.9898074603796476,0.0,0.0,0.0,0.14,2.0,1.29,tyson bagent,,12.0,9.685216305566438,0.0,9.685216305566438,-6.96915114778043,-2.3147836944335616,35
269,Chimere Dike,WR,TEN,2,0.85,0.7804807752716503,0.5,0.0,0.01785714285714285,0.06,17.0,7.535294117647059,chimere dike,,7.154999999999999,4.613534617076061,0.0,4.613534617076061,-6.983035865330677,-2.5414653829239384,104
270,Marvin Mims Jr.,WR,DEN,1,0.0,-0.015065674651891826,0.0,0.0,0.0,0.18,15.0,6.333333333333333,marvin mims,,6.133333333333333,4.597363506935919,0.0,4.597363506935919,-6.99920697547082,-1.5359698263974142,105
271,Olamide Zaccheaus,WR,ATL,2,1.4,3.1671201250422767,2.0,0.0,0.07470288624787774,0.365,14.0,6.057142857142857,olamide zaccheaus,,5.898571428571429,4.593936492154694,0.0,4.593936492154694,-7.002633990252044,-1.3046349364167344,106
272,Keaton Mitchell,RB,LAC,2,2.9000000000000004,3.6946933915565467,0.5,4.5,0.01923076923076925,0.28,13.0,4.2615384615384615,keaton mitchell,,4.372307692307692,4.005898765020449,0.0,4.005898765020449,-7.024559669545152,-0.3664089272872433,70
273,Mitchell Evans,TE,CAR,2,2.0999999999999996,2.5831657244342905,1.5,0.0,0.045036764705882346,0.49,14.0,3.442857142857143,mitchell evans,,3.5264285714285717,3.0911435456987446,0.0,3.0911435456987446,-7.0378387498656325,-0.4352850257298271,62
274,Demond Claiborne,RB,MIN,1,1.2,0.715897570889922,1.0,0.0,0.0526315789473684,0.04,,,demond claiborne,,5.0,3.9652820749057365,0.0,3.9652820749057365,-7.065176359659864,-1.0347179250942635,71
275,Kyler Murray,QB,MIN,1,-0.38,3.356913816572134,0.0,2.0,0.0,0.17,5.0,15.556000000000001,kyler murray,,12.0,9.558959917900124,0.0,9.558959917900124,-7.0954075354467445,-2.4410400820998763,36
276,Brock Wright,TE,DET,2,0.75,0.8130484586176675,0.5,0.0,0.0128205128205128,0.385,8.0,4.6,brock wright,,4.51,3.023653568412947,0.0,3.023653568412947,-7.105328727151431,-1.486346431587053,63
277,Cooper Rush,QB,ATL,2,2.58,7.24561553082623,0.0,1.0,0.0,0.79,4.0,0.43,cooper rush,,12.0,9.538372348631345,0.0,9.538372348631345,-7.115995104715523,-2.461627651368655,37
278,Patrick Ricard,RB,NYG,1,0.0,0.8518846655130772,1.0,0.0,0.0344827586206897,0.42500000000000004,5.0,0.42000000000000004,patrick ricard,,5.0,3.8990798164647886,0.0,3.8990798164647886,-7.131378618100812,-1.1009201835352114,72
279,Nick Muse,TE,ATL,1,0.0,-0.061412945017164544,0.0,0.0,0.0,0.14,,,nick muse,,4.0,2.989252734621996,0.0,2.989252734621996,-7.139729560942381,-1.0107472653780039,64
280,Carsen Ryan,TE,CLE,1,0.0,-0.061412945017164544,0.0,0.0,0.0,0.01,,,carsen ryan,,4.0,2.989252734621996,0.0,2.989252734621996,-7.139729560942381,-1.0107472653780039,65
281,Treyton Welch,TE,NO,1,0.0,-0.061412945017164544,0.0,0.0,0.0,0.09,,,treyton welch,,4.0,2.989252734621996,0.0,2.989252734621996,-7.139729560942381,-1.0107472653780039,66
282,Bauer Sharp,TE,TB,1,0.0,-0.061412945017164544,0.0,0.0,0.0,0.035,,,bauer sharp,,4.0,2.989252734621996,0.0,2.989252734621996,-7.139729560942381,-1.0107472653780039,67
283,Jeremy Ruckert,TE,NYJ,2,1.95,2.4030128267851394,1.5,0.0,0.0495169082125604,0.385,14.0,3.35,jeremy ruckert,,3.4475000000000002,2.975343591499839,0.0,2.975343591499839,-7.153638704064538,-0.4721564085001613,68
284,Will Kacmarek,TE,MIA,2,0.7,1.7298987793464176,1.0,0.0,0.0402576489533011,0.36,,,will kacmarek,,4.0,2.9683716582169968,0.0,2.9683716582169968,-7.16061063734738,-1.0316283417830032,69
285,Frank Gore Jr.,RB,BUF,1,0.3,0.4370086055988866,0.0,1.0,0.0,0.155,,,frank gore,,5.0,3.848976505979805,0.0,3.848976505979805,-7.181481928585796,-1.1510234940201949,73
286,Cade Stover,TE,HOU,1,0.8,1.6027320280646635,1.0,0.0,0.027027027027027,0.2,6.0,3.316666666666667,cade stover,,3.419166666666667,2.904853104911316,0.0,2.904853104911316,-7.224129190653061,-0.5143135617553507,70
287,Corey Kiner,RB,NE,2,0.55,2.6057049648040493,0.0,4.0,0.0,0.09,4.0,2.325,corey kiner,,5.0,3.795597390145134,0.0,3.795597390145134,-7.234861044420467,-1.2044026098548661,74
288,Ben Sinnott,TE,WAS,1,1.6,1.7298987793464176,1.0,0.0,0.0294117647058824,0.47000000000000003,9.0,3.1555555555555554,ben sinnott,,3.282222222222222,2.8843989530522895,0.0,2.8843989530522895,-7.244583342512088,-0.3978232691699324,71
289,Kevin Coleman Jr.,WR,MIA,1,0.0,3.436049305199302,2.0,0.0,0.0740740740740741,0.375,,,kevin coleman,,5.0,4.351308628409877,0.0,4.351308628409877,-7.245261853996861,-0.6486913715901226,107
290,Nick Mullens,QB,JAX,1,-0.3,2.433922509169723,0.0,3.0,0.0,0.12,4.0,-0.010000000000000009,nick mullens,,12.0,9.403436439104702,0.0,9.403436439104702,-7.250931014242166,-2.596563560895298,38
291,Jack Bech,WR,LV,2,7.9,4.997261185028939,3.0,0.0,0.10344827586206914,0.47000000000000003,14.0,3.0285714285714285,jack bech,,3.3242857142857143,4.341804560379532,0.0,4.341804560379532,-7.2547659220272065,1.0175188460938176,108
292,Omar Cooper Jr.,WR,NYJ,1,4.0,1.590967735203916,1.0,0.0,0.0434782608695652,0.07,,,omar cooper,,5.0,4.328419353660685,0.0,4.328419353660686,-7.2681511287460525,-0.671580646339315,109
293,Stetson Bennett,QB,LA,1,1.42,1.5758686419450143,0.0,1.0,0.0,0.16,,,stetson bennett,,12.0,9.382277012340378,0.0,9.382277012340378,-7.27209044100649,-2.617722987659622,39
294,Chris Moore,WR,BAL,2,3.95,5.053323805602645,2.5,0.0,0.09339080459770116,0.46,10.0,3.8600000000000003,chris moore,,4.031000000000001,4.307530665568741,0.0,4.30753066556874,-7.289039816837998,0.27653066556874073,110
295,Foster Moreau,TE,HOU,2,4.45,3.5741966500773974,2.0,0.0,0.047027027027027046,0.365,7.0,1.842857142857143,foster moreau,,2.1664285714285714,2.834632204878814,0.0,2.834632204878814,-7.294350090685564,0.6682036334502426,72
296,DeeJay Dallas,RB,MIN,2,2.05,1.6881060307674276,1.0,1.0,0.0480549199084668,0.12,5.0,0.42000000000000004,deejay dallas,,5.0,3.7186696886148796,0.0,3.7186696886148796,-7.311788745950722,-1.2813303113851204,75
297,CJ Donaldson,RB,NO,2,0.7,2.2308715501324947,1.0,1.5,0.01923076923076925,0.22999999999999998,,,cj donaldson,,5.0,3.7086440340370985,0.0,3.7086440340370985,-7.321814400528503,-1.2913559659629015,76
298,Elijah Arroyo,TE,SEA,1,2.7,1.9418433648160074,1.0,0.0,0.0384615384615385,0.215,13.0,2.838461538461538,elijah arroyo,,3.0126923076923076,2.8018418196120316,0.0,2.8018418196120316,-7.327140475952346,-0.21085048808027596,73
299,Josh Williams,RB,TB,1,0.0,-0.2858901808028343,0.0,0.0,0.0,0.0,2.0,0.55,josh williams,,5.0,3.699969218359504,0.0,3.699969218359504,-7.330489216206097,-1.300030781640496,77
300,Ben VanSumeren,RB,KC,1,0.0,-0.2858901808028343,0.0,0.0,0.0,0.02,,,ben vansumeren,,5.0,3.699969218359504,0.0,3.699969218359504,-7.330489216206097,-1.300030781640496,78
301,Jahan Dotson,WR,ATL,2,3.0,6.143909620157487,3.5,0.0,0.1434634974533105,0.69,15.0,3.3466666666666667,jahan dotson,,3.5946666666666665,4.237094693644096,0.0,4.237094693644096,-7.3594757887626425,0.6424280269774294,111
302,Jahdae Walker,WR,CHI,1,7.1,1.546146205177745,1.0,0.0,0.0384615384615385,0.27,6.0,4.45,jahdae walker,,4.532500000000001,4.202450585906106,0.0,4.202450585906106,-7.394119896500633,-0.330049414093895,112
303,Jonathan Mingo,WR,DAL,1,2.0,1.6955513052649815,1.0,0.0,0.0333333333333333,0.195,5.0,0.7,jonathan mingo,,5.0,4.196721478421372,0.0,4.196721478421372,-7.399849003985366,-0.803278521578628,113
304,Deion Burks,WR,IND,1,1.4,1.933265314543209,0.0,2.0,0.0,0.025,,,deion burks,,5.0,4.193321430045062,0.0,4.193321430045062,-7.4032490523616765,-0.8066785699549381,114
305,Hunter Long,TE,ARI,2,0.0,-0.061412945017164544,0.0,0.0,0.0,0.32499999999999996,7.0,4.642857142857143,hunter long,,4.546428571428572,2.710661518252337,0.0,2.710661518252337,-7.41832077731204,-1.8357670531762347,74
306,Colbie Young,WR,CIN,1,1.7,1.6208487552213633,1.0,0.0,0.032258064516129,0.15500000000000003,,,colbie young,,5.0,4.161148532163739,0.0,4.161148532163739,-7.435421950243,-0.8388514678362613,115
307,Kevin Austin Jr.,WR,NO,1,1.7,1.6208487552213633,1.0,0.0,0.03125,0.065,5.0,6.6,kevin austin,,5.0,4.161148532163739,0.0,4.161148532163739,-7.435421950243,-0.8388514678362613,116
308,Johnny Mundt,TE,PHI,1,2.8,5.227744393885746,3.0,0.0,0.0882352941176471,0.5,12.0,1.675,johnny mundt,,2.02375,2.6426677689300058,0.0,2.6426677689300058,-7.486314526634372,0.6189177689300056,75
309,Ian Thomas,TE,LV,1,2.1,1.6663154037055405,1.0,0.0,0.0344827586206897,0.475,9.0,2.711111111111111,ian thomas,,2.904444444444444,2.627438528981803,0.0,2.627438528981803,-7.501543766582574,-0.2770059154626412,76
310,Mason Rudolph,QB,PIT,1,0.3,0.7438228211706656,0.0,1.0,0.0,0.04,5.0,3.0,mason rudolph,,12.0,9.152668993704866,0.0,9.152668993704866,-7.501698459642002,-2.847331006295134,40
311,John Metchie III,WR,CAR,1,0.0,-0.015065674651891826,0.0,0.0,0.0,0.11,13.0,5.5307692307692315,john metchie,,5.451153846153847,4.085728891551304,0.0,4.085728891551304,-7.510841590855434,-1.3654249546025428,117
312,Elijah Higgins,TE,ARI,1,0.0,-0.061412945017164544,0.0,0.0,0.0,0.265,17.0,3.4176470588235297,elijah higgins,,3.5050000000000003,2.6180027346219963,0.0,2.6180027346219963,-7.510979560942381,-0.886997265378004,77
313,Josh Cameron,WR,JAX,2,5.0,1.665670285247534,1.0,0.0,0.0476190476190476,0.25,,,josh cameron,,5.0,4.06638767986931,0.0,4.06638767986931,-7.530182802537428,-0.9336123201306901,118
314,Mac Jones,QB,SF,1,-0.2,1.4016735990446763,0.0,2.0,0.0,0.15,11.0,11.82181818181818,mac jones,,11.848545454545452,9.116701970741907,0.0,9.116701970741907,-7.537665482604961,-2.7318434838035444,41
315,Cyrus Allen,WR,KC,1,0.0,1.6059082452126396,1.0,0.0,0.04,0.025,,,cyrus allen,,5.0,4.031033942912212,0.0,4.031033942912212,-7.565536539494526,-0.9689660570877878,119
316,Jaylen Wright,RB,MIA,2,0.5,0.7984579987997471,0.0,1.5,0.0,0.060000000000000005,9.0,5.355555555555556,jaylen wright,,5.302222222222222,3.4649015729972623,0.0,3.4649015729972623,-7.565556861568338,-1.83732064922496,79
317,Lil'Jordan Humphrey,WR,DEN,1,0.0,1.7403728352911525,1.0,0.0,0.0344827586206897,0.05,7.0,4.942857142857142,liljordan humphrey,,4.951428571428571,4.01813667474738,0.0,4.01813667474738,-7.5784338076593585,-0.9332918966811912,120
318,Emari Demercado,RB,DAL,2,0.75,1.521356785201468,0.0,2.5,0.0,0.125,12.0,4.858333333333333,emari demercado,,4.879583333333334,3.443729899856412,0.0,3.443729899856412,-7.586728534709189,-1.4358534334769217,80
319,Jaleel McLaughlin,RB,CLE,1,0.3,1.8014286096200567,1.0,1.0,0.0333333333333333,0.14,8.0,3.925,jaleel mclaughlin,,4.08625,3.4024375066835097,0.0,3.4024375066835097,-7.6280209278820905,-0.68381249331649,81
320,Chris Bell,WR,MIA,2,1.75,2.7077351503150164,1.5,0.0,0.05877616747181965,0.46499999999999997,,,chris bell,,5.0,3.9681658420882044,0.0,3.9681658420882044,-7.628404640318534,-1.0318341579117956,121
321,Tutu Atwell,WR,LA,1,2.9,3.944026645495906,2.0,0.0,0.0666666666666667,0.18,8.0,3.9,tutu atwell,,4.0649999999999995,3.956454662961783,0.0,3.956454662961783,-7.640115819444955,-0.10854533703821634,122
322,Malik Benson,WR,LV,2,0.4,3.224698917631239,1.5,0.5,0.0517241379310345,0.115,,,malik benson,,5.0,3.9509156969367467,0.0,3.9509156969367467,-7.645654785469992,-1.0490843030632533,123
323,Jalen Royals,WR,KC,2,4.3,1.538675950173383,1.0,0.0,0.0232558139534884,0.075,2.0,1.2,jalen royals,,5.0,3.9468292660485473,0.0,3.9468292660485473,-7.649741216358191,-1.0531707339514527,124
324,Chris Brooks,RB,GB,2,3.25,5.487373476962602,1.5,5.5,0.04698275862068965,0.51,17.0,1.9235294117647062,chris brooks,,2.3850000000000002,3.357464573549529,0.0,3.357464573549529,-7.672993861016072,0.9724645735495288,82
325,Seth McGowan,RB,IND,2,0.5,1.0512250602978943,0.5,1.0,0.01724137931034485,0.08499999999999999,,,seth mcgowan,,5.0,3.3543430168834107,0.0,3.3543430168834107,-7.67611541768219,-1.6456569831165893,83
326,George Holani,RB,SEA,2,2.7,5.415922541628662,1.0,6.0,0.0400641025641026,0.36,10.0,2.08,george holani,,2.518,3.351258311656025,0.0,3.351258311656025,-7.679200122909576,0.8332583116560253,84
327,Isaiah Davis,RB,NYJ,1,0.0,-0.2858901808028343,0.0,0.0,0.0,0.0,16.0,4.45,isaiah davis,,4.532500000000001,3.3493442183595046,0.0,3.3493442183595046,-7.681114216206096,-1.183155781640496,85
328,Tyrone Tracy Jr.,RB,NYG,2,-0.3,0.43700860559888666,0.0,1.0,0.0,0.025,15.0,10.72,tyrone tracy,5.4,5.4,3.3263624095676887,0.0,3.3263624095676887,-7.704096024997912,-2.0736375904323117,86
329,Keleki Latu,TE,BUF,2,0.0,-0.061412945017164544,0.0,0.0,0.0,0.07500000000000001,3.0,2.5,keleki latu,,4.0,2.3828043753951937,0.0,2.3828043753951937,-7.746177920169183,-1.6171956246048063,78
330,Noah Gray,TE,KC,2,0.75,1.8146766135342536,1.0,0.0,0.0316279069767442,0.525,14.0,2.7714285714285714,noah gray,,2.9557142857142855,2.371538023218162,0.0,2.371538023218162,-7.7574442723462145,-0.5841762624961233,79
331,Ameer Abdullah,RB,JAX,2,3.25,3.3593659021485744,1.0,3.5,0.04166666666666665,0.095,13.0,2.9153846153846152,ameer abdullah,,3.228076923076923,3.2674686064477547,0.0,3.2674686064477547,-7.7629898281178455,0.039391683370831654,87
332,Chris Blair,WR,ATL,2,0.8,2.483627500184162,1.5,0.0,0.04838709677419355,0.33,1.0,0.0,chris blair,,5.0,3.791415700051565,0.0,3.791415700051565,-7.8051547823551735,-1.208584299948435,125
333,Dohnte Meyers,WR,CIN,2,1.9,2.003347932459073,1.0,0.5,0.0308349146110057,0.16999999999999998,,,dohnte meyers,,5.0,3.7889374210885407,0.0,3.7889374210885407,-7.807633061318198,-1.2110625789114593,126
334,KaVontae Turpin,WR,DAL,2,0.9500000000000001,1.2526230125617017,0.5,0.5,0.01666666666666665,0.115,15.0,5.633333333333334,kavontae turpin,,5.538333333333334,3.7877344435172766,0.0,3.787734443517276,-7.808836038889462,-1.7505988898160574,127
335,Montorie Foster Jr,WR,SEA,1,0.0,-0.015065674651891826,0.0,0.0,0.0,0.0,,,montorie foster,,5.0,3.747363506935919,0.0,3.747363506935919,-7.849206975470819,-1.252636493064081,128
336,Jalen Brooks,WR,ARI,1,0.0,-0.015065674651891826,0.0,0.0,0.0,0.045,5.0,1.6199999999999999,jalen brooks,,5.0,3.747363506935919,0.0,3.747363506935919,-7.849206975470819,-1.252636493064081,129
337,J. Michael Sturdivant,WR,GB,1,0.0,-0.015065674651891826,0.0,0.0,0.0,0.15,,,j michael sturdivant,,5.0,3.747363506935919,0.0,3.747363506935919,-7.849206975470819,-1.252636493064081,130
338,Zavion Thomas,WR,CHI,1,0.0,-0.015065674651891826,0.0,0.0,0.0,0.015,,,zavion thomas,,5.0,3.747363506935919,0.0,3.747363506935919,-7.849206975470819,-1.252636493064081,131
339,Kaden Davis,WR,CHI,1,0.0,-0.015065674651891826,0.0,0.0,0.0,0.13,1.0,0.0,kaden davis,,5.0,3.747363506935919,0.0,3.747363506935919,-7.849206975470819,-1.252636493064081,132
340,Luke Farrell,TE,SF,2,1.95,1.67691263297902,1.0,0.0,0.02941176470588235,0.625,13.0,2.269230769230769,luke farrell,,2.5288461538461537,2.220843229541818,0.0,2.220843229541818,-7.908139066022559,-0.30800292430433585,80
341,Luke Schoonmaker,TE,DAL,1,2.2,1.8994544477220896,1.0,0.0,0.0333333333333333,0.255,14.0,1.9428571428571428,luke schoonmaker,,2.2514285714285713,2.1859759569227943,0.0,2.1859759569227943,-7.943006338641583,-0.065452614505777,81
342,Greg Dortch,WR,BUF,2,0.0,-0.015065674651891826,0.0,0.0,0.0,0.025,12.0,6.258333333333334,greg dortch,,6.069583333333333,3.63753161109747,0.0,3.63753161109747,-7.959038871309268,-2.432051722235863,133
343,Zachariah Branch,WR,ATL,2,1.7,1.4789139101384885,1.0,0.0,0.03225806451612905,0.25,,,zachariah branch,,5.0,3.6180958948387767,0.0,3.6180958948387767,-7.978474587567962,-1.3819041051612233,134
344,Tyler Badie,RB,DEN,1,4.9,3.9863202391697756,3.0,1.0,0.103448275862069,0.26,16.0,2.2125,tyler badie,,2.6306249999999998,3.0380747918547106,0.0,3.0380747918547106,-7.99238364271089,0.40744979185471086,88
345,Will Shipley,RB,PHI,2,3.5500000000000003,5.081777911348243,1.5,4.5,0.052139037433155094,0.345,14.0,1.3928571428571428,will shipley,,1.9339285714285714,3.0092549580346506,0.0,3.0092549580346506,-8.02120347653095,1.0753263866060792,89
346,Ollie Gordon II,RB,MIA,1,0.7,1.8828061784023284,0.0,3.0,0.0,0.13,17.0,3.182352941176471,ollie gordon,,3.455,2.9732410812204075,0.0,2.9732410812204075,-8.057217353345193,-0.48175891877959254,90
347,Eli Heidenreich,RB,PIT,2,0.0,-0.2858901808028343,0.0,0.0,0.0,0.02,,,eli heidenreich,,5.0,2.9199507493752064,0.0,2.9199507493752064,-8.110507685190395,-2.0800492506247936,91
348,Brashard Smith,RB,KC,1,0.0,-0.2858901808028343,0.0,0.0,0.0,0.0,17.0,3.7235294117647055,brashard smith,,3.9149999999999996,2.886219218359504,0.0,2.886219218359504,-8.144239216206097,-1.0287807816404957,92
349,Charlie Woerner,TE,ATL,1,0.0,1.6663154037055405,1.0,0.0,0.032258064516129,0.5549999999999999,7.0,1.8285714285714287,charlie woerner,,2.1542857142857144,1.9073194813627552,0.0,1.9073194813627552,-8.221662814201622,-0.24696623292295916,82
350,Blake Whiteheart,TE,CLE,2,5.55,2.6255546415282085,1.5,0.0,0.056060606060606095,0.43,9.0,0.26666666666666666,blake whiteheart,,0.8266666666666667,1.8971552996278984,0.0,1.8971552996278984,-8.231826995936478,1.0704886329612318,83
351,Darius Cooper,WR,PHI,2,5.3,2.4910977551885236,1.5,0.0,0.04411764705882355,0.27999999999999997,6.0,3.033333333333333,darius cooper,,3.328333333333333,3.3305073714527866,0.0,3.3305073714527866,-8.26606311095395,0.002174038119453492,135
352,Isaiah Bond,WR,CLE,1,2.0,1.635789265230087,1.0,0.0,0.0333333333333333,0.10500000000000001,15.0,3.646666666666667,isaiah bond,,3.849666666666667,3.323513121415265,0.0,3.323513121415265,-8.273057360991473,-0.5261535452514017,136
353,Treylon Burks,WR,WAS,1,0.0,2.367874255657546,1.0,0.0,0.0294117647058824,0.3,8.0,3.625,treylon burks,,3.83125,3.28781549474007,0.0,3.28781549474007,-8.308754987666669,-0.5434345052599299,137
354,Cody White,WR,LV,2,8.2,2.506038265197247,1.5,0.0,0.0517241379310345,0.135,8.0,2.25,cody white,,2.6624999999999996,3.283190714255229,0.0,3.283190714255229,-8.31337976815151,0.6206907142552294,138
355,Brevyn Spann-Ford,TE,DAL,2,1.7,1.7087043207994586,1.0,0.0,0.03333333333333335,0.3,16.0,1.5,brevyn spann ford,,1.875,1.8074372098238485,0.0,1.8074372098238485,-8.321545085740528,-0.06756279017615152,84
356,Quintin Morris,TE,JAX,2,0.85,1.698107091525979,1.0,0.0,0.04166666666666665,0.32,11.0,1.5909090909090908,quintin morris,,1.9522727272727272,1.7488336219909104,0.0,1.7488336219909104,-8.380148673573467,-0.20343910528181675,85
357,Barion Brown,WR,NO,2,0.15,0.4720170726468834,0.0,0.5,0.0,0.055,,,barion brown,,5.0,3.1501647803411275,0.0,3.1501647803411275,-8.446405702065611,-1.8498352196588725,139
358,Kaden Wetjen,WR,PIT,2,0.0,-0.015065674651891826,0.0,0.0,0.0,0.0,,,kaden wetjen,,5.0,2.9957816110974704,0.0,2.9957816110974704,-8.600788871309268,-2.0042183889025296,140
359,Jacob Cowing,WR,SF,2,0.0,-0.015065674651891826,0.0,0.0,0.0,0.27,,,jacob cowing,,5.0,2.9957816110974704,0.0,2.9957816110974704,-8.600788871309268,-2.0042183889025296,141
360,Braxton Berrios,WR,NYG,2,0.0,-0.015065674651891826,0.0,0.0,0.0,0.13,4.0,2.4250000000000003,braxton berrios,,5.0,2.9957816110974704,0.0,2.9957816110974704,-8.600788871309268,-2.0042183889025296,142
361,Tay Martin,WR,DET,2,0.0,-0.015065674651891826,0.0,0.0,0.0,0.0,2.0,2.15,tay martin,,5.0,2.9957816110974704,0.0,2.9957816110974704,-8.600788871309268,-2.0042183889025296,143
362,Ray Davis,RB,BUF,2,0.15,0.07555921239802615,0.0,0.5,0.0,0.115,17.0,3.770588235294117,ray davis,,3.9549999999999996,2.4121565794714472,0.0,2.4121565794714472,-8.618301855094153,-1.5428434205285524,93
363,Andrew Ogletree,TE,IND,2,0.0,1.719301550072938,1.0,0.0,0.0339080459770115,0.19999999999999998,11.0,1.1545454545454545,andrew ogletree,,1.5813636363636363,1.4302226158386044,0.0,1.4302226158386044,-8.698759679725773,-0.15114102052503187,86
364,Durham Smythe,TE,BAL,2,0.7,1.655718174432061,1.0,0.0,0.038074712643678205,0.585,7.0,0.9285714285714286,durham smythe,,1.3892857142857142,1.3811725174124057,0.0,1.3811725174124057,-8.747809778151971,-0.008113196873308581,87
365,Ryan Miller,WR,MIA,1,14.7,2.143766605526691,1.0,0.0,0.0434782608695652,0.06,9.0,1.2666666666666666,ryan miller,,1.8266666666666667,2.847659155967171,0.0,2.847659155967171,-8.748911326439568,1.0209924893005042,144
366,Kyle Williams,WR,NE,2,1.0,1.703021560269343,1.0,0.0,0.0476190476190476,0.185,14.0,3.5142857142857147,kyle williams,,3.7371428571428575,2.8391317511611307,0.0,2.8391317511611307,-8.757438731245607,-0.8980111059817268,145
367,Charlie Kolar,TE,LAC,2,2.55,2.614957412254729,1.5,0.0,0.0576923076923075,0.585,13.0,2.784615384615385,charlie kolar,,2.966923076923077,2.81834192158517,8.0,1.3152262300730795,-8.813756065491297,-0.14858115533790706,88
368,Ronnie Rivers,RB,LA,1,3.4,4.738352786767992,1.0,5.0,0.037037037037037,0.065,6.0,0.7666666666666666,ronnie rivers,,1.4016666666666666,2.1354617376843987,0.0,2.1354617376843987,-8.894996696881202,0.7337950710177321,94
369,AJ Dillon,RB,CAR,2,1.25,2.6057049648040493,0.0,4.0,0.0,0.08,6.0,1.5166666666666666,aj dillon,,2.0391666666666666,2.103097390145134,0.0,2.103097390145134,-8.927361044420467,0.0639307234784674,95
370,Jimmy Horn Jr.,WR,CAR,1,0.0,1.5760272251951923,1.0,0.0,0.0294117647058824,0.21,10.0,2.87,jimmy horn,,3.1895000000000002,2.6679297644091586,0.0,2.6679297644091586,-8.92864071799758,-0.5215702355908416,146
371,Konata Mumpfield,WR,LA,2,1.1,2.5732705602365034,1.5,0.0,0.05185185185185184,0.475,10.0,2.52,konata mumpfield,,2.892,2.587715756866221,0.0,2.587715756866221,-9.008854725540518,-0.3042842431337789,147
372,Eric Saubert,TE,SEA,2,0.0,0.6858817073359135,0.5,0.0,0.01923076923076925,0.22,9.0,1.011111111111111,eric saubert,,1.4594444444444443,1.0677135447207224,0.0,1.0677135447207224,-9.061268750843654,-0.3917308997237219,89
373,Hunter Luepke,RB,DAL,2,0.39999999999999997,0.4370086055988866,0.0,1.0,0.0,0.22,14.0,2.642857142857143,hunter luepke,,2.9964285714285714,1.9682195524248312,0.0,1.9682195524248312,-9.06223888214077,-1.0282090190037403,96
374,Jordan Whittington,WR,LA,1,1.8,1.6507297752388106,1.0,0.0,0.037037037037037,0.41,15.0,2.42,jordan whittington,,2.807,2.529127710666792,0.0,2.529127710666792,-9.067442771739946,-0.27787228933320796,148
375,Jaylin Lane,WR,WAS,2,0.7,0.7879510302760121,0.5,0.0,0.01724137931034485,0.20500000000000002,15.0,3.4133333333333336,jaylin lane,,3.6513333333333335,2.4954262884772835,0.0,2.4954262884772835,-9.101144193929455,-1.15590704485605,149
376,Colson Yankoff,TE,WAS,2,1.2,0.8342429171646265,0.5,0.0,0.0147058823529412,0.16499999999999998,10.0,0.38,colson yankoff,,0.923,0.9313880168060955,0.0,0.9313880168060955,-9.197594278758281,0.008388016806095466,90
377,Kaleb Johnson,RB,GB,2,1.6,2.6057049648040493,0.0,4.0,0.0,0.135,10.0,0.8800000000000001,kaleb johnson,,1.4980000000000002,1.8203973901451342,0.0,1.8203973901451342,-9.210061044420467,0.322397390145134,97
378,LeQuint Allen Jr.,RB,JAX,1,0.0,1.2145169178414914,1.0,0.0,0.0357142857142857,0.08499999999999999,16.0,1.55,lequint allen,,2.0675,1.7631654606222609,0.0,1.7631654606222609,-9.26729297394334,-0.304334539377739,98
379,Xavier Smith,WR,LA,2,0.0,0.7580700102585648,0.5,0.0,0.01666666666666665,0.33999999999999997,16.0,3.01875,xavier smith,,3.3159375,2.2018221028723977,0.0,2.2018221028723977,-9.394748379534342,-1.1141153971276023,150
380,Efton Chism III,WR,NE,1,0.8,1.501324675151574,1.0,0.0,0.0476190476190476,0.18,8.0,2.0625,efton chism,,2.503125,2.2000755681515254,0.0,2.2000755681515254,-9.396494914255213,-0.30304943184847444,151
381,Skyy Moore,WR,GB,2,1.3,3.4883410902298353,2.0,0.0,0.0642241379310345,0.21,17.0,0.8705882352941177,skyy moore,,1.49,2.026735505264354,0.0,2.026735505264354,-9.569834977142385,0.5367355052643539,152
382,Sione Vaki,RB,DET,2,2.9,2.1855425185914434,1.0,1.5,0.0259784075573549,0.22999999999999998,8.0,0.05,sione vaki,,0.7925,1.435451905205604,0.0,1.435451905205604,-9.595006529359997,0.6429519052056041,99
383,Bo Melton,WR,GB,2,1.0,1.6656702852475342,1.0,0.0,0.029741379310344852,0.135,13.0,1.8615384615384616,bo melton,,2.332307692307692,1.9857722952539247,0.0,1.9857722952539247,-9.610798187152813,-0.34653539705376746,153
384,Laquon Treadwell,WR,IND,2,4.55,3.510751855242921,2.0,0.0,0.06724137931034485,0.5449999999999999,6.0,0.0,laquon treadwell,,0.75,1.979010519468018,0.0,1.979010519468018,-9.61755996293872,1.229010519468018,154
385,Reggie Gilliam,RB,NE,1,1.4,2.306962732616351,2.0,0.0,0.0952380952380952,0.27,11.0,0.43636363636363634,reggie gilliam,,1.1209090909090909,1.3494002963896796,0.0,1.3494002963896796,-9.68105813817592,0.22849120548058877,100
386,Cameron Latu,TE,NE,1,0.0,-0.061412945017164544,0.0,0.0,0.0,0.125,10.0,0.0,cameron latu,,0.6,0.43925273462199615,0.0,0.43925273462199615,-9.68972956094238,-0.16074726537800382,91
387,Brayden Willis,TE,SF,1,0.0,-0.061412945017164544,0.0,0.0,0.0,0.25,6.0,0.0,brayden willis,,0.6,0.43925273462199615,0.0,0.43925273462199615,-9.68972956094238,-0.16074726537800382,92
388,Ashton Dulin,WR,IND,1,0.0,1.5312056951690214,1.0,0.0,0.0344827586206897,0.19,12.0,1.6666666666666667,ashton dulin,,2.166666666666667,1.8929609966545788,0.0,1.8929609966545788,-9.70360948575216,-0.2737056700120881,155
389,Brady Russell,RB,SEA,1,4.0,2.624265953403713,2.0,0.0,0.0833333333333333,0.39,10.0,0.0,brady russell,,0.75,1.3217465418456498,0.0,1.3217465418456498,-9.70871189271995,0.5717465418456498,101
390,Feleipe Franks,TE,CAR,2,0.0,-0.061412945017164544,0.0,0.0,0.0,0.065,10.0,0.04,feleipe franks,,0.634,0.36320437539519396,0.0,0.36320437539519396,-9.765777920169183,-0.27079562460480605,93
391,Malachi Corley,WR,CLE,2,0.0,-0.015065674651891826,0.0,0.0,0.0,0.0,12.0,2.6333333333333333,malachi corley,,2.9883333333333333,1.7887816110974704,0.0,1.7887816110974704,-9.807788871309269,-1.199551722235863,156
392,Rasheen Ali,RB,BAL,2,0.0,-0.2858901808028343,0.0,0.0,0.0,0.0,15.0,1.6133333333333333,rasheen ali,,2.1213333333333333,1.1927507493752063,0.0,1.1927507493752063,-9.837707685190395,-0.928582583958127,102
393,LaJohntay Wester,WR,BAL,2,2.95,3.2343524200815326,2.0,0.0,0.0761494252873563,0.41000000000000003,14.0,0.0,lajohntay wester,,0.75,1.7096186776228293,0.0,1.7096186776228293,-9.886951804783909,0.9596186776228293,157
394,British Brooks,RB,HOU,1,0.0,-0.2858901808028343,0.0,0.0,0.0,0.0,8.0,0.975,british brooks,,1.5787499999999999,1.1340317183595041,0.0,1.1340317183595041,-9.896426716206097,-0.44471828164049576,103
395,Ben Skowronek,WR,PIT,1,1.2,1.546146205177745,1.0,0.0,0.027027027027027,0.105,16.0,1.05625,ben skowronek,,1.6478125,1.5964349609061053,0.0,1.5964349609061053,-10.000135521500633,-0.05137753909389464,158
396,Brycen Tremayne,WR,CAR,2,0.0,-0.015065674651891826,0.0,0.0,0.0,0.175,15.0,2.0,brycen tremayne,,2.45,1.4657816110974704,0.0,1.4657816110974704,-10.130788871309267,-0.9842183889025298,159
397,Travis Homer,RB,PIT,1,1.6,1.1599073920006076,0.0,2.0,0.0,0.03,8.0,-0.025,travis homer,,0.72875,0.8695462936001064,0.0,0.8695462936001064,-10.160912140965495,0.14079629360010637,104
398,Tahj Brooks,RB,CIN,1,0.0,-0.2858901808028343,0.0,0.0,0.0,0.025,12.0,0.5333333333333333,tahj brooks,,1.2033333333333334,0.8524692183595041,0.0,0.8524692183595041,-10.177989216206097,-0.3508641149738293,105
399,Dareke Young,WR,LV,2,1.85,0.8551833253152685,0.5,0.0,0.01724137931034485,0.16999999999999998,8.0,0.85,dareke young,,1.4725,1.3449513310882752,0.0,1.3449513310882752,-10.251619151318463,-0.12754866891172467,160
400,Roschon Johnson,RB,CHI,1,0.0,-0.2858901808028343,0.0,0.0,0.0,0.005,6.0,0.2833333333333334,roschon johnson,,0.9908333333333333,0.693094218359504,0.0,0.693094218359504,-10.337364216206097,-0.2977391149738293,106
401,KhaDarel Hodge,WR,SF,2,1.4,0.8701238353239922,0.5,0.0,0.0238095238095238,0.2,8.0,0.7625,khadarel hodge,,1.3981249999999998,1.2505096738907178,0.0,1.2505096738907178,-10.34606080851602,-0.14761532610928207,161
402,Julius Chestnut,RB,TEN,1,0.0,-0.2858901808028343,0.0,0.0,0.0,0.0,16.0,0.25,julius chestnut,,0.9625,0.671844218359504,0.0,0.671844218359504,-10.358614216206096,-0.290655781640496,107
403,Arian Smith,WR,NYJ,2,0.0,0.7879510302760121,0.5,0.0,0.0217391304347826,0.02,13.0,1.0384615384615385,arian smith,,1.6326923076923077,1.200241673092668,0.0,1.2002416730926677,-10.39632880931407,-0.4324506345996397,162
404,Derius Davis,WR,LAC,2,0.0,2.0466532904699872,1.0,0.0,0.03774928774928775,0.15,11.0,0.3181818181818182,derius davis,,1.0204545454545455,1.1853356486043236,0.0,1.1853356486043236,-10.411234833802414,0.1648811031497781,163
405,Dylan Laube,RB,LV,2,0.0,-0.2858901808028343,0.0,0.0,0.0,0.14,17.0,0.33529411764705885,dylan laube,,1.0350000000000001,0.5409507493752065,0.0,0.5409507493752065,-10.489507685190395,-0.49404925062479366,108
406,Tom Kennedy,WR,DET,2,0.0,-0.015065674651891826,0.0,0.0,0.0,0.0,6.0,1.2666666666666666,tom kennedy,,1.8266666666666667,1.0917816110974703,0.0,1.0917816110974703,-10.504788871309268,-0.7348850555691964,164
407,Jacob Saylors,RB,DET,2,0.0,-0.2858901808028343,0.0,0.0,0.0,0.0,11.0,0.1,jacob saylors,,0.835,0.4209507493752064,0.0,0.4209507493752064,-10.609507685190394,-0.4140492506247936,109
408,Kameron Johnson,WR,TB,2,0.0,-0.015065674651891826,0.0,0.0,0.0,0.045,17.0,1.0411764705882351,kameron johnson,,1.6349999999999998,0.9767816110974701,0.0,0.9767816110974701,-10.619788871309268,-0.6582183889025297,165
409,Britain Covey,WR,PHI,2,0.0,-0.015065674651891826,0.0,0.0,0.0,0.0,6.0,0.6666666666666666,britain covey,,1.3166666666666667,0.7857816110974702,0.0,0.7857816110974702,-10.810788871309269,-0.5308850555691964,166
410,Anthony Gould,WR,IND,1,0.0,-0.015065674651891826,0.0,0.0,0.0,0.0,11.0,0.23636363636363636,anthony gould,,0.9509090909090909,0.710545325117737,0.0,0.710545325117737,-10.886025157289001,-0.24036376579135388,167
411,Myles Price,WR,MIN,2,0.0,0.7730105202672884,0.5,0.0,0.0263157894736842,0.275,16.0,0.0,myles price,,0.75,0.6664429456748409,0.0,0.6664429456748409,-10.930127536731897,-0.08355705432515914,168
412,Nikko Remigio,WR,KC,2,0.0,-0.015065674651891826,0.0,0.0,0.0,0.0,14.0,0.3,nikko remigio,,1.005,0.5987816110974702,0.0,0.5987816110974702,-10.997788871309268,-0.4062183889025297,169
413,Devin Duvernay,WR,ARI,2,0.0,-0.015065674651891826,0.0,0.0,0.0,0.0,17.0,0.27058823529411763,devin duvernay,,0.98,0.5837816110974703,0.0,0.5837816110974703,-11.012788871309269,-0.3962183889025297,170
414,Jonathon Brooks,RB,CAR,2,4.65,5.489739195217709,1.5,4.5,0.045036764705882346,0.245,,,jonathon brooks,8.1,8.1,6.955126974660958,15.0,0.0,-11.0304584345656,-1.1448730253390416,110
415,Simi Fehoko,WR,ARI,1,0.0,-0.015065674651891826,0.0,0.0,0.0,0.1,7.0,0.0,simi fehoko,,0.75,0.5598635069359189,0.0,0.5598635069359189,-11.03670697547082,-0.1901364930640811,171
416,Kenny Pickett,QB,CAR,2,1.0,0.5316488881634646,0.0,1.0,0.0,0.08,6.0,1.2866666666666668,kenny pickett,,2.8936666666666664,2.00506168868577,0.0,2.00506168868577,-14.649305764661097,-0.8886049779808962,42
417,Jaxson Dart,QB,NYG,2,13.700000000000001,12.111909127945989,0.0,5.5,0.0,0.56,14.0,17.255714285714287,jaxson dart,16.1,16.1,14.695334555824877,15.0,0.0,-16.654367453346868,-1.4046654441751247,43
